configuration_id,run_id,history_file,stage,split,seed,count_weight,trace_alpha,sigma,samples_per_generation,population_size,decay,threshold,max_generations,generations_run,best_training_fitness,best_validation_loss,loss,trace_loss,count_loss,precision,recall,f1,precision_1,recall_1,f1_1,precision_2,recall_2,f1_2,input_spikes,output_spikes,spike_ratio,silent_loss,silent_trace_loss,silent_count_loss
stage_1__cw0p01__ta0p9__sig0p05__spg8__pop17__dec0p9__th1,stage_1__cw0p01__ta0p9__sig0p05__spg8__pop17__dec0p9__th1__seed505,GridSearchOuts/history/stage_1__cw0p01__ta0p9__sig0p05__spg8__pop17__dec0p9__th1__seed505.csv,stage_1,validation,505,0.01,0.9,0.05,8,17,0.9,1.0,250,155,0.05139762007024459,0.0725455135802181,0.07276308213697381,0.07207925991387203,0.06838222231017875,0.6883854366922008,0.5527847049044057,0.6131777227456991,0.7374079441601845,0.5921505759410997,0.6568444069756374,0.7610245186477773,0.6111150694691841,0.677880815637843,84210.0,67622,0.8030162688516803,0.24008676414651106,0.23008676414651102,0.9999999999999973
stage_1__cw0p01__ta0p9__sig0p05__spg8__pop17__dec0p9__th1,stage_1__cw0p01__ta0p9__sig0p05__spg8__pop17__dec0p9__th1__seed202,GridSearchOuts/history/stage_1__cw0p01__ta0p9__sig0p05__spg8__pop17__dec0p9__th1__seed202.csv,stage_1,validation,202,0.01,0.9,0.05,8,17,0.9,1.0,250,170,0.03647261510816927,0.05759694531994203,0.059182219440764905,0.05897511600683256,0.020710343393233098,0.7416178194607268,0.638534615841349,0.6862265896686472,0.7911316460933728,0.6811661322883268,0.7320422422864568,0.8145783049444866,0.7013537584609904,0.7537376766737203,84210.0,72505,0.8610022562641017,0.24008676414651106,0.23008676414651102,0.9999999999999973
stage_1__cw0p01__ta0p9__sig0p05__spg8__pop17__dec0p9__th1,stage_1__cw0p01__ta0p9__sig0p05__spg8__pop17__dec0p9__th1__seed404,GridSearchOuts/history/stage_1__cw0p01__ta0p9__sig0p05__spg8__pop17__dec0p9__th1__seed404.csv,stage_1,validation,404,0.01,0.9,0.05,8,17,0.9,1.0,250,174,0.04408427446068349,0.06519227127052311,0.06570602650993256,0.06536216048188558,0.03438660280469657,0.7143404092398009,0.598218738867118,0.6511429513150127,0.773570993037535,0.6478209238807743,0.7051334251050096,0.7967272160065796,0.6672129200807505,0.7262410247456762,84210.0,70521,0.8374421090131813,0.24008676414651106,0.23008676414651102,0.9999999999999973
stage_1__cw0p01__ta0p9__sig0p05__spg8__pop17__dec0p9__th1,stage_1__cw0p01__ta0p9__sig0p05__spg8__pop17__dec0p9__th1__seed101,GridSearchOuts/history/stage_1__cw0p01__ta0p9__sig0p05__spg8__pop17__dec0p9__th1__seed101.csv,stage_1,validation,101,0.01,0.9,0.05,8,17,0.9,1.0,250,180,0.07008693484404352,0.08177519654570349,0.08991184579394147,0.08840371913376163,0.15081266601797882,0.6984135637572916,0.4563947274670467,0.5520436084712863,0.7455886896000291,0.4872224201401259,0.5893320118640138,0.7687946355557979,0.502386889918062,0.6076745739335491,84210.0,55029,0.65347345920912,0.24008676414651106,0.23008676414651102,0.9999999999999973
stage_1__cw0p01__ta0p9__sig0p05__spg8__pop17__dec0p9__th1,stage_1__cw0p01__ta0p9__sig0p05__spg8__pop17__dec0p9__th1__seed303,GridSearchOuts/history/stage_1__cw0p01__ta0p9__sig0p05__spg8__pop17__dec0p9__th1__seed303.csv,stage_1,validation,303,0.01,0.9,0.05,8,17,0.9,1.0,250,250,0.04738526346691965,0.058760102009011494,0.06178269126965545,0.06158132268574621,0.020136858390924703,0.648751923628681,0.590725567034794,0.6183804882894915,0.7103732491718615,0.6468352927205795,0.6771170006459134,0.7426119617100081,0.6761904761904762,0.7078464521898448,84210.0,76678,0.9105569409808811,0.24008676414651106,0.23008676414651102,0.9999999999999973
stage_1__cw0p01__ta0p9__sig0p05__spg8__pop32__dec0p9__th1,stage_1__cw0p01__ta0p9__sig0p05__spg8__pop32__dec0p9__th1__seed303,GridSearchOuts/history/stage_1__cw0p01__ta0p9__sig0p05__spg8__pop32__dec0p9__th1__seed303.csv,stage_1,validation,303,0.01,0.9,0.05,8,32,0.9,1.0,250,127,0.05449490110498039,0.07077698002138652,0.07599182218581207,0.0746214952719847,0.13703269138273277,0.74478060713133,0.5206388789929937,0.612858810290478,0.7947236991863014,0.5555515971974825,0.6539555623889982,0.8162807685120695,0.5706210663816649,0.671694262529482,84210.0,58867,0.6990499940624629,0.24008676414651106,0.23008676414651102,0.9999999999999973
stage_1__cw0p01__ta0p9__sig0p05__spg8__pop32__dec0p9__th1,stage_1__cw0p01__ta0p9__sig0p05__spg8__pop32__dec0p9__th1__seed404,GridSearchOuts/history/stage_1__cw0p01__ta0p9__sig0p05__spg8__pop32__dec0p9__th1__seed404.csv,stage_1,validation,404,0.01,0.9,0.05,8,32,0.9,1.0,250,122,0.05922952972754868,0.07369047986267756,0.07875778670727387,0.07787302826663789,0.08847584406359876,0.65432079504501,0.4980406127538297,0.5655835530347672,0.711328143282837,0.5414321339508372,0.6148597166683111,0.7375072156263164,0.561358508490678,0.6374884530057732,84210.0,64097,0.7611566322289515,0.24008676414651106,0.23008676414651102,0.9999999999999973
stage_1__cw0p01__ta0p9__sig0p05__spg8__pop32__dec0p9__th1,stage_1__cw0p01__ta0p9__sig0p05__spg8__pop32__dec0p9__th1__seed202,GridSearchOuts/history/stage_1__cw0p01__ta0p9__sig0p05__spg8__pop32__dec0p9__th1__seed202.csv,stage_1,validation,202,0.01,0.9,0.05,8,32,0.9,1.0,250,170,0.044145342845317334,0.05612293835030843,0.06029693223353551,0.05994211780049063,0.03548144330448709,0.7195120233282151,0.6065312908205677,0.6582085993925331,0.7669432431290236,0.6465146657166607,0.7015986133747621,0.7848761040753941,0.66163163519772,0.7180035696561335,84210.0,70987,0.842975893599335,0.24008676414651106,0.23008676414651102,0.9999999999999973
stage_1__cw0p01__ta0p9__sig0p05__spg8__pop32__dec0p9__th1,stage_1__cw0p01__ta0p9__sig0p05__spg8__pop32__dec0p9__th1__seed101,GridSearchOuts/history/stage_1__cw0p01__ta0p9__sig0p05__spg8__pop32__dec0p9__th1__seed101.csv,stage_1,validation,101,0.01,0.9,0.05,8,32,0.9,1.0,250,220,0.04553628478940775,0.05820376837563798,0.05873017301231211,0.05812659516853719,0.060357784377496414,0.7774209041243921,0.61510509440684,0.6868030602363171,0.8171039202737588,0.6465027906424415,0.7218605391209483,0.8336285045326289,0.659577247357796,0.7364589824840266,84210.0,66628,0.7912124450777818,0.24008676414651106,0.23008676414651102,0.9999999999999973
stage_1__cw0p01__ta0p9__sig0p05__spg8__pop32__dec0p9__th1,stage_1__cw0p01__ta0p9__sig0p05__spg8__pop32__dec0p9__th1__seed505,GridSearchOuts/history/stage_1__cw0p01__ta0p9__sig0p05__spg8__pop32__dec0p9__th1__seed505.csv,stage_1,validation,505,0.01,0.9,0.05,8,32,0.9,1.0,250,211,0.040956833888853884,0.0579157252949329,0.05905435775257181,0.05876552851150131,0.028882924107052704,0.6780661811401316,0.5959268495428096,0.6343485927728099,0.7314380683430394,0.6428333927087044,0.6842793849027059,0.7543406882946668,0.662961643510272,0.7057053830445218,84210.0,74009,0.8788623678897993,0.24008676414651106,0.23008676414651102,0.9999999999999973
stage_1__cw0p01__ta0p9__sig0p05__spg8__pop48__dec0p9__th1,stage_1__cw0p01__ta0p9__sig0p05__spg8__pop48__dec0p9__th1__seed202,GridSearchOuts/history/stage_1__cw0p01__ta0p9__sig0p05__spg8__pop48__dec0p9__th1__seed202.csv,stage_1,validation,202,0.01,0.9,0.05,8,48,0.9,1.0,250,120,0.047809889518026207,0.06348325559711984,0.06532342050367759,0.06507689639632874,0.02465241073488735,0.6389212964825468,0.5657879111744448,0.6001347768304828,0.6892357618913518,0.6103431896449353,0.6473948394324315,0.7134140617666385,0.6317539484621779,0.6701053652510117,84210.0,74571,0.8855361596009975,0.24008676414651106,0.23008676414651102,0.9999999999999973
stage_1__cw0p01__ta0p9__sig0p05__spg8__pop48__dec0p9__th1,stage_1__cw0p01__ta0p9__sig0p05__spg8__pop48__dec0p9__th1__seed101,GridSearchOuts/history/stage_1__cw0p01__ta0p9__sig0p05__spg8__pop48__dec0p9__th1__seed101.csv,stage_1,validation,101,0.01,0.9,0.05,8,48,0.9,1.0,250,181,0.04449424313396576,0.055931971959249566,0.057393883215673756,0.05702218502115866,0.037169819451509156,0.6958759349481919,0.6021256382852392,0.645615151996956,0.7468469086667124,0.6462296639353996,0.69290466337687,0.7718795031908323,0.6678897993112457,0.7161292376248407,84210.0,72865,0.8652772829830186,0.24008676414651106,0.23008676414651102,0.9999999999999973
stage_1__cw0p01__ta0p9__sig0p05__spg8__pop48__dec0p9__th1,stage_1__cw0p01__ta0p9__sig0p05__spg8__pop48__dec0p9__th1__seed404,GridSearchOuts/history/stage_1__cw0p01__ta0p9__sig0p05__spg8__pop48__dec0p9__th1__seed404.csv,stage_1,validation,404,0.01,0.9,0.05,8,48,0.9,1.0,250,134,0.055512956309111405,0.08858659241866501,0.09518175829119725,0.094036258451553,0.11454998396442723,0.7877916499836203,0.5140244626528916,0.6221219350939485,0.7910493939504241,0.5161501009381309,0.624694587369093,0.7978378771885124,0.5205795036218976,0.6300554773055671,84210.0,54946,0.6524878280489254,0.24008676414651106,0.23008676414651102,0.9999999999999973
stage_1__cw0p01__ta0p9__sig0p05__spg8__pop48__dec0p9__th1,stage_1__cw0p01__ta0p9__sig0p05__spg8__pop48__dec0p9__th1__seed303,GridSearchOuts/history/stage_1__cw0p01__ta0p9__sig0p05__spg8__pop48__dec0p9__th1__seed303.csv,stage_1,validation,303,0.01,0.9,0.05,8,48,0.9,1.0,250,164,0.037665500412357736,0.05514060347780295,0.056186317617937936,0.055964001546097056,0.022231607184083662,0.7173477564102564,0.6378696116850731,0.6752781444460414,0.7725560897435897,0.6869611685073032,0.7272487271350853,0.7993990384615385,0.710830067687923,0.7525174429563185,84210.0,74880,0.8892055575347346,0.24008676414651106,0.23008676414651102,0.9999999999999973
stage_1__cw0p01__ta0p9__sig0p05__spg8__pop48__dec0p9__th1,stage_1__cw0p01__ta0p9__sig0p05__spg8__pop48__dec0p9__th1__seed505,GridSearchOuts/history/stage_1__cw0p01__ta0p9__sig0p05__spg8__pop48__dec0p9__th1__seed505.csv,stage_1,validation,505,0.01,0.9,0.05,8,48,0.9,1.0,250,123,0.06684989273571924,0.09203137955973158,0.09382312397852326,0.0934614394988787,0.03616844796445728,0.5354356664102846,0.4629378933618335,0.4965545351483391,0.5967476101527305,0.5159482246764042,0.5534142582374116,0.6335155477420064,0.5477377983612397,0.587512259740424,84210.0,72808,0.8646004037525234,0.24008676414651106,0.23008676414651102,0.9999999999999973
stage_1__cw0p01__ta0p9__sig0p05__spg16__pop17__dec0p9__th1,stage_1__cw0p01__ta0p9__sig0p05__spg16__pop17__dec0p9__th1__seed101,GridSearchOuts/history/stage_1__cw0p01__ta0p9__sig0p05__spg16__pop17__dec0p9__th1__seed101.csv,stage_1,validation,101,0.01,0.9,0.05,16,17,0.9,1.0,250,197,0.0687177523847324,0.09054071116449593,0.09772900307770739,0.09593195364540519,0.1797049432302247,0.7629306850425618,0.4470134188338677,0.5637289404712675,0.792419943250912,0.4642916518228239,0.5855185323844087,0.807640859343332,0.4732098325614535,0.5967652564577893,84210.0,49340,0.5859161619760124,0.24008676414651106,0.23008676414651102,0.9999999999999973
stage_1__cw0p01__ta0p9__sig0p05__spg16__pop17__dec0p9__th1,stage_1__cw0p01__ta0p9__sig0p05__spg16__pop17__dec0p9__th1__seed505,GridSearchOuts/history/stage_1__cw0p01__ta0p9__sig0p05__spg16__pop17__dec0p9__th1__seed505.csv,stage_1,validation,505,0.01,0.9,0.05,16,17,0.9,1.0,250,119,0.055994344907901804,0.07354757090842978,0.07645119460500387,0.0758741734002286,0.05770212047752719,0.6458063774116565,0.5334402090013063,0.5842698090625086,0.708933551856005,0.5855836598978743,0.6413818219650631,0.7372696167227349,0.6089894311839449,0.6670178450647976,84210.0,69558,0.8260064125400783,0.24008676414651106,0.23008676414651102,0.9999999999999973
stage_1__cw0p01__ta0p9__sig0p05__spg16__pop17__dec0p9__th1,stage_1__cw0p01__ta0p9__sig0p05__spg16__pop17__dec0p9__th1__seed202,GridSearchOuts/history/stage_1__cw0p01__ta0p9__sig0p05__spg16__pop17__dec0p9__th1__seed202.csv,stage_1,validation,202,0.01,0.9,0.05,16,17,0.9,1.0,250,171,0.052615993028763734,0.06644449766984564,0.06591478532051705,0.06539007143946905,0.052471388104796846,0.7275033377837116,0.5823655147844674,0.6468935496631388,0.7705384957721406,0.6168151050944068,0.6851602690932932,0.7928348909657321,0.6346633416458853,0.7049861495839936,84210.0,67410,0.800498753117207,0.24008676414651106,0.23008676414651102,0.9999999999999973
stage_1__cw0p01__ta0p9__sig0p05__spg16__pop17__dec0p9__th1,stage_1__cw0p01__ta0p9__sig0p05__spg16__pop17__dec0p9__th1__seed303,GridSearchOuts/history/stage_1__cw0p01__ta0p9__sig0p05__spg16__pop17__dec0p9__th1__seed303.csv,stage_1,validation,303,0.01,0.9,0.05,16,17,0.9,1.0,250,250,0.03522338593202787,0.045975704057556084,0.046379326176112484,0.04612010687630111,0.02592192998114023,0.7760169043845747,0.6628903930649567,0.7150066605179988,0.8301498595935163,0.7091319320745755,0.7648836970996157,0.8545750271081825,0.7299964374777342,0.7873885644015933,84210.0,71934,0.8542215888849305,0.24008676414651106,0.23008676414651102,0.9999999999999973
stage_1__cw0p01__ta0p9__sig0p05__spg16__pop17__dec0p9__th1,stage_1__cw0p01__ta0p9__sig0p05__spg16__pop17__dec0p9__th1__seed404,GridSearchOuts/history/stage_1__cw0p01__ta0p9__sig0p05__spg16__pop17__dec0p9__th1__seed404.csv,stage_1,validation,404,0.01,0.9,0.05,16,17,0.9,1.0,250,250,0.04877095743933512,0.05399855872586985,0.060258835253330784,0.05974302696310078,0.05158082902299611,0.7914971214998342,0.6236670229188932,0.6976302436168391,0.8266570214305091,0.6513715710723192,0.7286203873430952,0.8418331976971999,0.6633297708110676,0.741996758852885,84210.0,66354,0.7879586747417171,0.24008676414651106,0.23008676414651102,0.9999999999999973
stage_1__cw0p01__ta0p9__sig0p05__spg16__pop32__dec0p9__th1,stage_1__cw0p01__ta0p9__sig0p05__spg16__pop32__dec0p9__th1__seed202,GridSearchOuts/history/stage_1__cw0p01__ta0p9__sig0p05__spg16__pop32__dec0p9__th1__seed202.csv,stage_1,validation,202,0.01,0.9,0.05,16,32,0.9,1.0,250,152,0.057827997359488514,0.06207725727473804,0.0681237881661064,0.067473422656526,0.06503655095804338,0.7002785022766456,0.5643391521197008,0.6250024659204778,0.7534886462431664,0.607220045125282,0.6724928159497401,0.7764761357440726,0.6257451609072556,0.6930092784381502,84210.0,67863,0.8058781617385109,0.24008676414651106,0.23008676414651102,0.9999999999999973
stage_1__cw0p01__ta0p9__sig0p05__spg16__pop32__dec0p9__th1,stage_1__cw0p01__ta0p9__sig0p05__spg16__pop32__dec0p9__th1__seed303,GridSearchOuts/history/stage_1__cw0p01__ta0p9__sig0p05__spg16__pop32__dec0p9__th1__seed303.csv,stage_1,validation,303,0.01,0.9,0.05,16,32,0.9,1.0,250,152,0.06556688677077933,0.06950581234784549,0.0747594949729172,0.07363161872396017,0.11278762489569871,0.6951350814132613,0.49834936468352925,0.5805188786903512,0.7538884563780623,0.5404702529390809,0.6295848002153096,0.7822133143396663,0.5607766298539366,0.6532393606347284,84210.0,60371,0.7169101056881606,0.24008676414651106,0.23008676414651102,0.9999999999999973
stage_1__cw0p01__ta0p9__sig0p05__spg16__pop32__dec0p9__th1,stage_1__cw0p01__ta0p9__sig0p05__spg16__pop32__dec0p9__th1__seed101,GridSearchOuts/history/stage_1__cw0p01__ta0p9__sig0p05__spg16__pop32__dec0p9__th1__seed101.csv,stage_1,validation,101,0.01,0.9,0.05,16,32,0.9,1.0,250,197,0.05824646375916183,0.07046509628307332,0.07378492355987043,0.0732558313097595,0.05290922501109445,0.630648330058939,0.5222301389383683,0.5713413406255802,0.6882824487688756,0.5699560622253889,0.623555471829987,0.718684123729081,0.5951312195701223,0.6510981337243246,84210.0,69733,0.8280845505284408,0.24008676414651106,0.23008676414651102,0.9999999999999973
stage_1__cw0p01__ta0p9__sig0p05__spg16__pop32__dec0p9__th1,stage_1__cw0p01__ta0p9__sig0p05__spg16__pop32__dec0p9__th1__seed505,GridSearchOuts/history/stage_1__cw0p01__ta0p9__sig0p05__spg16__pop32__dec0p9__th1__seed505.csv,stage_1,validation,505,0.01,0.9,0.05,16,32,0.9,1.0,250,123,0.05129635647087185,0.06259760790712507,0.06542051607410512,0.06526916407866698,0.015135199543817125,0.6258846168453835,0.5870799192494953,0.6058615555237378,0.6792591373482384,0.637145232157701,0.6575285387773115,0.7014774209067085,0.6579859874124213,0.6790360235045464,84210.0,78989,0.9380002375014844,0.24008676414651106,0.23008676414651102,0.9999999999999973
stage_1__cw0p01__ta0p9__sig0p05__spg16__pop32__dec0p9__th1,stage_1__cw0p01__ta0p9__sig0p05__spg16__pop32__dec0p9__th1__seed404,GridSearchOuts/history/stage_1__cw0p01__ta0p9__sig0p05__spg16__pop32__dec0p9__th1__seed404.csv,stage_1,validation,404,0.01,0.9,0.05,16,32,0.9,1.0,250,157,0.05102290989294151,0.056932346817211585,0.06136251005102011,0.060774063361817,0.05884466892031046,0.7314602475510669,0.5719391996199976,0.6419379560822771,0.78886779558053,0.616826980168626,0.6923194828557935,0.8175411952312248,0.6392471202945018,0.7174835893500788,84210.0,65845,0.7819142619641373,0.24008676414651106,0.23008676414651102,0.9999999999999973
stage_1__cw0p01__ta0p9__sig0p05__spg16__pop48__dec0p9__th1,stage_1__cw0p01__ta0p9__sig0p05__spg16__pop48__dec0p9__th1__seed202,GridSearchOuts/history/stage_1__cw0p01__ta0p9__sig0p05__spg16__pop48__dec0p9__th1__seed202.csv,stage_1,validation,202,0.01,0.9,0.05,16,48,0.9,1.0,250,121,0.05208285519975375,0.059380144238008165,0.06349343036811556,0.06328563186886847,0.020779849924704767,0.6529236788508951,0.5786604916280726,0.6135530904919408,0.6983733519133883,0.6189407433796461,0.6562621976550337,0.7192223175045557,0.6374183588647429,0.6758539932758393,84210.0,74632,0.8862605391283696,0.24008676414651106,0.23008676414651102,0.9999999999999973
stage_1__cw0p01__ta0p9__sig0p05__spg16__pop48__dec0p9__th1,stage_1__cw0p01__ta0p9__sig0p05__spg16__pop48__dec0p9__th1__seed404,GridSearchOuts/history/stage_1__cw0p01__ta0p9__sig0p05__spg16__pop48__dec0p9__th1__seed404.csv,stage_1,validation,404,0.01,0.9,0.05,16,48,0.9,1.0,250,108,0.06322945329595986,0.07471758645407398,0.07844851818445045,0.07820589618767115,0.024262199677934596,0.6186059915379678,0.560800380002375,0.5882865880618614,0.6761111329429795,0.6129319558247239,0.6429732608325076,0.7014710312938002,0.635922099513122,0.667090208095371,84210.0,76341,0.9065550409690061,0.24008676414651106,0.23008676414651102,0.9999999999999973
stage_1__cw0p01__ta0p9__sig0p05__spg16__pop48__dec0p9__th1,stage_1__cw0p01__ta0p9__sig0p05__spg16__pop48__dec0p9__th1__seed303,GridSearchOuts/history/stage_1__cw0p01__ta0p9__sig0p05__spg16__pop48__dec0p9__th1__seed303.csv,stage_1,validation,303,0.01,0.9,0.05,16,48,0.9,1.0,250,113,0.04807158216721037,0.0603864553474413,0.06136238108787218,0.06106118025766283,0.030120083020936102,0.7104572531485621,0.6075881724260777,0.6550084172385207,0.758029354180263,0.6482721767011044,0.698867673321016,0.7790799394587389,0.6662747892174327,0.7182753301280981,84210.0,72017,0.8552072200451253,0.24008676414651106,0.23008676414651102,0.9999999999999973
stage_1__cw0p01__ta0p9__sig0p05__spg16__pop48__dec0p9__th1,stage_1__cw0p01__ta0p9__sig0p05__spg16__pop48__dec0p9__th1__seed101,GridSearchOuts/history/stage_1__cw0p01__ta0p9__sig0p05__spg16__pop48__dec0p9__th1__seed101.csv,stage_1,validation,101,0.01,0.9,0.05,16,48,0.9,1.0,250,138,0.053208888318572095,0.058679295304702415,0.06071042152234118,0.0601871566171389,0.05232649052022635,0.7387323632181875,0.5950124688279301,0.6591290278019486,0.7955828799740516,0.6408027550172188,0.7098535224973188,0.8163268314977811,0.6575109844436527,0.7283621749963815,84210.0,67827,0.8054506590666192,0.24008676414651106,0.23008676414651102,0.9999999999999973
stage_1__cw0p01__ta0p9__sig0p05__spg16__pop48__dec0p9__th1,stage_1__cw0p01__ta0p9__sig0p05__spg16__pop48__dec0p9__th1__seed505,GridSearchOuts/history/stage_1__cw0p01__ta0p9__sig0p05__spg16__pop48__dec0p9__th1__seed505.csv,stage_1,validation,505,0.01,0.9,0.05,16,48,0.9,1.0,250,117,0.05022342605804196,0.06242970473243926,0.0670192957888531,0.06658751219751974,0.04317835913333523,0.6889752266365877,0.5875311720698254,0.634222316226165,0.7471000264583421,0.6370977318608241,0.6877279340596617,0.7702580384620741,0.6568459802873768,0.7090455771974445,84210.0,71811,0.8527609547559672,0.24008676414651106,0.23008676414651102,0.9999999999999973
stage_1__cw0p01__ta0p9__sig0p05__spg24__pop17__dec0p9__th1,stage_1__cw0p01__ta0p9__sig0p05__spg24__pop17__dec0p9__th1__seed404,GridSearchOuts/history/stage_1__cw0p01__ta0p9__sig0p05__spg24__pop17__dec0p9__th1__seed404.csv,stage_1,validation,404,0.01,0.9,0.05,24,17,0.9,1.0,250,174,0.05395658978627327,0.05733097558991625,0.061170780842910236,0.060461287857384166,0.07094929855260497,0.729034887758337,0.5734710841942762,0.6419631640861533,0.7773433372080736,0.6114713216957606,0.6845019308607178,0.7997765734212949,0.6291176819855124,0.7042558706816561,84210.0,66241,0.786616791354946,0.24008676414651106,0.23008676414651102,0.9999999999999973
stage_1__cw0p01__ta0p9__sig0p05__spg24__pop17__dec0p9__th1,stage_1__cw0p01__ta0p9__sig0p05__spg24__pop17__dec0p9__th1__seed101,GridSearchOuts/history/stage_1__cw0p01__ta0p9__sig0p05__spg24__pop17__dec0p9__th1__seed101.csv,stage_1,validation,101,0.01,0.9,0.05,24,17,0.9,1.0,250,235,0.04312123815596016,0.051499016083305135,0.05378884651798728,0.05337281417664385,0.041603234134346155,0.7374692507856158,0.6158888493053082,0.671217896037346,0.8002331963541741,0.6683054269089181,0.7283433740782036,0.8250174186301136,0.6890036812730079,0.7509010787055744,84210.0,70327,0.8351383446146539,0.24008676414651106,0.23008676414651102,0.9999999999999973
stage_1__cw0p01__ta0p9__sig0p05__spg24__pop17__dec0p9__th1,stage_1__cw0p01__ta0p9__sig0p05__spg24__pop17__dec0p9__th1__seed202,GridSearchOuts/history/stage_1__cw0p01__ta0p9__sig0p05__spg24__pop17__dec0p9__th1__seed202.csv,stage_1,validation,202,0.01,0.9,0.05,24,17,0.9,1.0,250,250,0.035860882402512055,0.045279546231547486,0.0463929850659396,0.046251738225615416,0.01412468403241763,0.7499028170109104,0.6872461702885643,0.7172086452183578,0.7973281156866302,0.7307089419308871,0.7625663014915943,0.819239640293363,0.7507896924355777,0.7835225301140104,84210.0,77174,0.9164469777936112,0.24008676414651106,0.23008676414651102,0.9999999999999973
stage_1__cw0p01__ta0p9__sig0p05__spg24__pop17__dec0p9__th1,stage_1__cw0p01__ta0p9__sig0p05__spg24__pop17__dec0p9__th1__seed505,GridSearchOuts/history/stage_1__cw0p01__ta0p9__sig0p05__spg24__pop17__dec0p9__th1__seed505.csv,stage_1,validation,505,0.01,0.9,0.05,24,17,0.9,1.0,250,199,0.04629557321592262,0.05635184657981288,0.0570398606303802,0.056720117965508736,0.031974266487149794,0.7473893585280955,0.6425365158532241,0.6910080073555428,0.7900712746560583,0.679230495190595,0.7304700969306549,0.8144648875628487,0.7002018762617266,0.7530235112315118,84210.0,72396,0.8597078731742074,0.24008676414651106,0.23008676414651102,0.9999999999999973
stage_1__cw0p01__ta0p9__sig0p05__spg24__pop17__dec0p9__th1,stage_1__cw0p01__ta0p9__sig0p05__spg24__pop17__dec0p9__th1__seed303,GridSearchOuts/history/stage_1__cw0p01__ta0p9__sig0p05__spg24__pop17__dec0p9__th1__seed303.csv,stage_1,validation,303,0.01,0.9,0.05,24,17,0.9,1.0,250,250,0.05046604421338565,0.05355439229022017,0.05775835611293274,0.057012670184551445,0.07456859283812867,0.7631775533377159,0.6065906661916637,0.6759338899837597,0.8081037470865954,0.6422990143688398,0.7157242857705034,0.8278999581664973,0.6580334877092981,0.7332574664879742,84210.0,66932,0.7948224676404227,0.24008676414651106,0.23008676414651102,0.9999999999999973
stage_1__cw0p01__ta0p9__sig0p05__spg24__pop32__dec0p9__th1,stage_1__cw0p01__ta0p9__sig0p05__spg24__pop32__dec0p9__th1__seed101,GridSearchOuts/history/stage_1__cw0p01__ta0p9__sig0p05__spg24__pop32__dec0p9__th1__seed101.csv,stage_1,validation,101,0.01,0.9,0.05,24,32,0.9,1.0,250,121,0.05437636937773319,0.0618128504188268,0.06282411241950117,0.06246914014786167,0.03549722716395174,0.7037739740152609,0.6078731742073388,0.6523176909103312,0.7647349969065786,0.6605272532953331,0.7088215616930896,0.7888774317728742,0.6813798836242726,0.7311988276142721,84210.0,72735,0.8637335233345208,0.24008676414651106,0.23008676414651102,0.9999999999999973
stage_1__cw0p01__ta0p9__sig0p05__spg24__pop32__dec0p9__th1,stage_1__cw0p01__ta0p9__sig0p05__spg24__pop32__dec0p9__th1__seed303,GridSearchOuts/history/stage_1__cw0p01__ta0p9__sig0p05__spg24__pop32__dec0p9__th1__seed303.csv,stage_1,validation,303,0.01,0.9,0.05,24,32,0.9,1.0,250,135,0.05372161112267831,0.06231443583766991,0.06387393042024486,0.06340577759361526,0.046815282662961574,0.6840137643910107,0.5736017100106876,0.6239609370453679,0.7453162836144271,0.6250089063056644,0.6798814160315914,0.7726609739864339,0.6479396746229664,0.7048253857526348,84210.0,70617,0.8385821161382259,0.24008676414651106,0.23008676414651102,0.9999999999999973
stage_1__cw0p01__ta0p9__sig0p05__spg24__pop32__dec0p9__th1,stage_1__cw0p01__ta0p9__sig0p05__spg24__pop32__dec0p9__th1__seed404,GridSearchOuts/history/stage_1__cw0p01__ta0p9__sig0p05__spg24__pop32__dec0p9__th1__seed404.csv,stage_1,validation,404,0.01,0.9,0.05,24,32,0.9,1.0,250,197,0.0363671679672017,0.04554996086257578,0.04538705659202925,0.045167574152407707,0.021948243962154893,0.7940475868229434,0.6966987293670586,0.7421946159290639,0.836951519909049,0.7343427146419665,0.7822968323039248,0.8541672305984895,0.7494478090488066,0.7983883210196417,84210.0,73886,0.877401733760836,0.24008676414651106,0.23008676414651102,0.9999999999999973
stage_1__cw0p01__ta0p9__sig0p05__spg24__pop32__dec0p9__th1,stage_1__cw0p01__ta0p9__sig0p05__spg24__pop32__dec0p9__th1__seed505,GridSearchOuts/history/stage_1__cw0p01__ta0p9__sig0p05__spg24__pop32__dec0p9__th1__seed505.csv,stage_1,validation,505,0.01,0.9,0.05,24,32,0.9,1.0,250,199,0.050965710058072204,0.056128882662723,0.06060431004756332,0.06035521543641287,0.024909461115048385,0.701652499149949,0.6126232038950243,0.6541224205149238,0.7561373682420945,0.6601947512171951,0.7049164738321962,0.7808908534512071,0.6818073862961643,0.7279931530726946,84210.0,73525,0.8731148319676998,0.24008676414651106,0.23008676414651102,0.9999999999999973
stage_1__cw0p01__ta0p9__sig0p05__spg24__pop32__dec0p9__th1,stage_1__cw0p01__ta0p9__sig0p05__spg24__pop32__dec0p9__th1__seed202,GridSearchOuts/history/stage_1__cw0p01__ta0p9__sig0p05__spg24__pop32__dec0p9__th1__seed202.csv,stage_1,validation,202,0.01,0.9,0.05,24,32,0.9,1.0,250,250,0.04995065713250065,0.052470669129066026,0.057127608774613876,0.05669124216226864,0.04363666123452401,0.7542701367295651,0.6308514428215176,0.6870622926644504,0.7909869233718108,0.6615603847524048,0.7205074980110274,0.8073717539151793,0.6752642204013775,0.7354323885639854,84210.0,70431,0.8363733523334521,0.24008676414651106,0.23008676414651102,0.9999999999999973
stage_1__cw0p01__ta0p9__sig0p05__spg24__pop48__dec0p9__th1,stage_1__cw0p01__ta0p9__sig0p05__spg24__pop48__dec0p9__th1__seed101,GridSearchOuts/history/stage_1__cw0p01__ta0p9__sig0p05__spg24__pop48__dec0p9__th1__seed101.csv,stage_1,validation,101,0.01,0.9,0.05,24,48,0.9,1.0,250,162,0.054335313596301865,0.06406655190472585,0.06452747211422222,0.06439442492454177,0.013304718968037154,0.6711518186610438,0.6047619047619047,0.6362296208377798,0.7206246705324196,0.6493409333808337,0.6831282403642962,0.7418950975224038,0.6685073031706448,0.7032918983067035,84210.0,75880,0.9010806317539485,0.24008676414651106,0.23008676414651102,0.9999999999999973
stage_1__cw0p01__ta0p9__sig0p1__spg8__pop17__dec0p9__th1,stage_1__cw0p01__ta0p9__sig0p1__spg8__pop17__dec0p9__th1__seed101,GridSearchOuts/history/stage_1__cw0p01__ta0p9__sig0p1__spg8__pop17__dec0p9__th1__seed101.csv,stage_1,validation,101,0.01,0.9,0.1,8,17,0.9,1.0,250,181,0.04248987905434201,0.05333725249502563,0.05737075346040191,0.057076040428854544,0.02947130315473242,0.710976796458479,0.6160194751217195,0.6601006534196192,0.7609884461987583,0.6593516209476309,0.7065335649247758,0.7831366583062648,0.6785417408858805,0.7270968932318007,84210.0,72963,0.8664410402565016,0.24008676414651106,0.23008676414651102,0.9999999999999973
stage_1__cw0p01__ta0p9__sig0p05__spg24__pop48__dec0p9__th1,stage_1__cw0p01__ta0p9__sig0p05__spg24__pop48__dec0p9__th1__seed404,GridSearchOuts/history/stage_1__cw0p01__ta0p9__sig0p05__spg24__pop48__dec0p9__th1__seed404.csv,stage_1,validation,404,0.01,0.9,0.05,24,48,0.9,1.0,250,107,0.055991627280200344,0.06227152088685297,0.06611664167110756,0.06494917563301728,0.11674660380903168,0.7539434298590791,0.5324070775442347,0.6240986664434581,0.8113880200450677,0.5729723310770692,0.6716501016170432,0.8328456597047053,0.5881249257807861,0.6894122887603378,84210.0,59466,0.706163163519772,0.24008676414651106,0.23008676414651102,0.9999999999999973
stage_1__cw0p01__ta0p9__sig0p05__spg24__pop48__dec0p9__th1,stage_1__cw0p01__ta0p9__sig0p05__spg24__pop48__dec0p9__th1__seed202,GridSearchOuts/history/stage_1__cw0p01__ta0p9__sig0p05__spg24__pop48__dec0p9__th1__seed202.csv,stage_1,validation,202,0.01,0.9,0.05,24,48,0.9,1.0,250,165,0.052137621920680575,0.05735397898045356,0.05968195782802105,0.059477852919371424,0.020410490864968774,0.6486202152626042,0.571072319201995,0.6073810245523968,0.7004396967980362,0.6166963543522147,0.655905830049012,0.7288446494564484,0.6417052606578791,0.682504799433674,84210.0,74142,0.8804417527609547,0.24008676414651106,0.23008676414651102,0.9999999999999973
stage_1__cw0p01__ta0p9__sig0p1__spg8__pop17__dec0p9__th1,stage_1__cw0p01__ta0p9__sig0p1__spg8__pop17__dec0p9__th1__seed202,GridSearchOuts/history/stage_1__cw0p01__ta0p9__sig0p1__spg8__pop17__dec0p9__th1__seed202.csv,stage_1,validation,202,0.01,0.9,0.1,8,17,0.9,1.0,250,164,0.03925693508149753,0.0528186653729998,0.05408443529082968,0.05357015523789558,0.05142800529341012,0.7440032782566699,0.6036931480821756,0.6665442935899969,0.805704752008664,0.6537584609903812,0.7218219602850717,0.8314478479123066,0.6746467165419784,0.7448849146770632,84210.0,68329,0.8114119463246645,0.24008676414651106,0.23008676414651102,0.9999999999999973
stage_1__cw0p01__ta0p9__sig0p1__spg8__pop17__dec0p9__th1,stage_1__cw0p01__ta0p9__sig0p1__spg8__pop17__dec0p9__th1__seed404,GridSearchOuts/history/stage_1__cw0p01__ta0p9__sig0p1__spg8__pop17__dec0p9__th1__seed404.csv,stage_1,validation,404,0.01,0.9,0.1,8,17,0.9,1.0,250,174,0.04532567475384833,0.06103758120533341,0.06369912046156365,0.06326595046871124,0.04331699928523238,0.677964151106252,0.5596484978031113,0.6131508417678686,0.7345570676410508,0.6063650397814986,0.6643334807832467,0.7593578272002762,0.6268376677354234,0.686763290051806,84210.0,69514,0.8254839092744329,0.24008676414651106,0.23008676414651102,0.9999999999999973
stage_1__cw0p01__ta0p9__sig0p1__spg8__pop17__dec0p9__th1,stage_1__cw0p01__ta0p9__sig0p1__spg8__pop17__dec0p9__th1__seed303,GridSearchOuts/history/stage_1__cw0p01__ta0p9__sig0p1__spg8__pop17__dec0p9__th1__seed303.csv,stage_1,validation,303,0.01,0.9,0.1,8,17,0.9,1.0,250,232,0.03340487706580582,0.054317669262225594,0.05426648642323921,0.0540603034317294,0.02061829915098405,0.768140844686277,0.6688873055456597,0.7150864230439549,0.8114252205812161,0.7065787911174445,0.7553812071926418,0.8295081072972493,0.7223251395321221,0.7722151340298059,84210.0,73329,0.8707873174207339,0.24008676414651106,0.23008676414651102,0.9999999999999973
stage_1__cw0p01__ta0p9__sig0p1__spg8__pop17__dec0p9__th1,stage_1__cw0p01__ta0p9__sig0p1__spg8__pop17__dec0p9__th1__seed505,GridSearchOuts/history/stage_1__cw0p01__ta0p9__sig0p1__spg8__pop17__dec0p9__th1__seed505.csv,stage_1,validation,505,0.01,0.9,0.1,8,17,0.9,1.0,250,155,0.04520116027848366,0.06139900703796619,0.0662532711067271,0.06596309411143719,0.0290176995289905,0.6820892824868968,0.5826148913430709,0.6284400438066235,0.7346132992256252,0.6274789217432609,0.676832822036278,0.7604999374383072,0.6495903099394371,0.7006833654623278,84210.0,71929,0.8541622135138345,0.24008676414651106,0.23008676414651102,0.9999999999999973
stage_1__cw0p01__ta0p9__sig0p05__spg24__pop48__dec0p9__th1,stage_1__cw0p01__ta0p9__sig0p05__spg24__pop48__dec0p9__th1__seed303,GridSearchOuts/history/stage_1__cw0p01__ta0p9__sig0p05__spg24__pop48__dec0p9__th1__seed303.csv,stage_1,validation,303,0.01,0.9,0.05,24,48,0.9,1.0,250,152,0.06342655578664018,0.07384438239431905,0.07644158808373666,0.07632710424885841,0.01144838348781793,0.5844998985595455,0.5473934212088826,0.5653384353110769,0.6348143639683506,0.5945137157107232,0.6140034585520594,0.6618736051937513,0.6198551240945256,0.6401756257890193,84210.0,78864,0.9365158532240826,0.24008676414651106,0.23008676414651102,0.9999999999999973
stage_1__cw0p01__ta0p9__sig0p1__spg8__pop32__dec0p9__th1,stage_1__cw0p01__ta0p9__sig0p1__spg8__pop32__dec0p9__th1__seed101,GridSearchOuts/history/stage_1__cw0p01__ta0p9__sig0p1__spg8__pop32__dec0p9__th1__seed101.csv,stage_1,validation,101,0.01,0.9,0.1,8,32,0.9,1.0,250,138,0.05500149802120341,0.0646396423205705,0.06998236215085503,0.06936295776265529,0.061940438819971376,0.7002078818169756,0.5639828998931243,0.624755816017975,0.7496867029354092,0.6038356489728061,0.6689029644094848,0.7730844648886137,0.6226813917586985,0.6897794615779375,84210.0,67827,0.8054506590666192,0.24008676414651106,0.23008676414651102,0.9999999999999973
stage_1__cw0p01__ta0p9__sig0p05__spg24__pop48__dec0p9__th1,stage_1__cw0p01__ta0p9__sig0p05__spg24__pop48__dec0p9__th1__seed505,GridSearchOuts/history/stage_1__cw0p01__ta0p9__sig0p05__spg24__pop48__dec0p9__th1__seed505.csv,stage_1,validation,505,0.01,0.9,0.05,24,48,0.9,1.0,250,164,0.051378519956993794,0.06511503557279774,0.06530883018998548,0.06513536777364103,0.017346241634448912,0.6699272336872242,0.6002137513359459,0.6331573310278935,0.7165957559611383,0.6420258876617979,0.6772643855259739,0.7439527085238644,0.6665360408502553,0.7031198130988332,84210.0,75447,0.8959387246170288,0.24008676414651106,0.23008676414651102,0.9999999999999973
stage_1__cw0p01__ta0p9__sig0p1__spg8__pop32__dec0p9__th1,stage_1__cw0p01__ta0p9__sig0p1__spg8__pop32__dec0p9__th1__seed202,GridSearchOuts/history/stage_1__cw0p01__ta0p9__sig0p1__spg8__pop32__dec0p9__th1__seed202.csv,stage_1,validation,202,0.01,0.9,0.1,8,32,0.9,1.0,250,170,0.03420366238018082,0.05314229966470732,0.052835065486390234,0.052491409333988485,0.03436561524017045,0.7637765419615774,0.6458496615603847,0.6998803227420429,0.8136585776879003,0.6880299251870324,0.7455893139785792,0.835355578024941,0.7063769148557179,0.7654711809437955,84210.0,71208,0.8456002850017813,0.24008676414651106,0.23008676414651102,0.9999999999999973
stage_1__cw0p01__ta0p9__sig0p1__spg8__pop32__dec0p9__th1,stage_1__cw0p01__ta0p9__sig0p1__spg8__pop32__dec0p9__th1__seed303,GridSearchOuts/history/stage_1__cw0p01__ta0p9__sig0p1__spg8__pop32__dec0p9__th1__seed303.csv,stage_1,validation,303,0.01,0.9,0.1,8,32,0.9,1.0,250,164,0.0384899346454546,0.05607920815417129,0.05716064310286434,0.056980729891217476,0.017991321164682453,0.7039079797199042,0.6380477377983612,0.6693617206814454,0.7616564698484233,0.690393064956656,0.7242760416337254,0.7848187499181197,0.7113881961762261,0.7463015678232968,84210.0,76331,0.9064362902268139,0.24008676414651106,0.23008676414651102,0.9999999999999973
stage_1__cw0p01__ta0p9__sig0p1__spg8__pop32__dec0p9__th1,stage_1__cw0p01__ta0p9__sig0p1__spg8__pop32__dec0p9__th1__seed404,GridSearchOuts/history/stage_1__cw0p01__ta0p9__sig0p1__spg8__pop32__dec0p9__th1__seed404.csv,stage_1,validation,404,0.01,0.9,0.1,8,32,0.9,1.0,250,174,0.04395588933358464,0.06339752942920757,0.0637488767087569,0.06332290688131885,0.042596982743804815,0.6973188044141296,0.5973043581522385,0.643448337618313,0.7460627738035823,0.6390571191069944,0.6884266543854005,0.7691731824987523,0.658852867830424,0.7097516981996027,84210.0,72132,0.8565728535803349,0.24008676414651106,0.23008676414651102,0.9999999999999973
stage_1__cw0p01__ta0p9__sig0p1__spg8__pop48__dec0p9__th1,stage_1__cw0p01__ta0p9__sig0p1__spg8__pop48__dec0p9__th1__seed101,GridSearchOuts/history/stage_1__cw0p01__ta0p9__sig0p1__spg8__pop48__dec0p9__th1__seed101.csv,stage_1,validation,101,0.01,0.9,0.1,8,48,0.9,1.0,250,119,0.06147564883712461,0.07078139658866203,0.07681822376468404,0.07599284322699068,0.0825380537693394,0.7044086470761184,0.5405652535328346,0.6117057373023916,0.7503829905761107,0.575846099038119,0.6516296789013651,0.7741361434783282,0.5940743379646123,0.6722568247628339,84210.0,64623,0.7674029212682579,0.24008676414651106,0.23008676414651102,0.9999999999999973
stage_1__cw0p01__ta0p9__sig0p1__spg8__pop32__dec0p9__th1,stage_1__cw0p01__ta0p9__sig0p1__spg8__pop32__dec0p9__th1__seed505,GridSearchOuts/history/stage_1__cw0p01__ta0p9__sig0p1__spg8__pop32__dec0p9__th1__seed505.csv,stage_1,validation,505,0.01,0.9,0.1,8,32,0.9,1.0,250,192,0.04141967229624146,0.05496256199077991,0.05724792608766378,0.056977623071942984,0.027030301572076885,0.6902134022019845,0.6030043937774611,0.6436683990361355,0.7439037651216528,0.6499109369433559,0.6937381163640605,0.7658420551855376,0.6690773067331671,0.7141969831405849,84210.0,73570,0.8736492103075644,0.24008676414651106,0.23008676414651102,0.9999999999999973
stage_1__cw0p01__ta0p9__sig0p1__spg8__pop48__dec0p9__th1,stage_1__cw0p01__ta0p9__sig0p1__spg8__pop48__dec0p9__th1__seed303,GridSearchOuts/history/stage_1__cw0p01__ta0p9__sig0p1__spg8__pop48__dec0p9__th1__seed303.csv,stage_1,validation,303,0.01,0.9,0.1,8,48,0.9,1.0,250,113,0.04935382253672382,0.05942020603140545,0.06381916007877297,0.0636239989733268,0.019516110544622257,0.6561201746172006,0.5907730673316708,0.6217342673068692,0.7148490563549319,0.6436527728298301,0.6773852892835864,0.7377444838637353,0.6642679016743854,0.6990808145814937,84210.0,75823,0.9004037525234533,0.24008676414651106,0.23008676414651102,0.9999999999999973
stage_1__cw0p01__ta0p9__sig0p1__spg8__pop48__dec0p9__th1,stage_1__cw0p01__ta0p9__sig0p1__spg8__pop48__dec0p9__th1__seed202,GridSearchOuts/history/stage_1__cw0p01__ta0p9__sig0p1__spg8__pop48__dec0p9__th1__seed202.csv,stage_1,validation,202,0.01,0.9,0.1,8,48,0.9,1.0,250,129,0.055434100243630845,0.062023241878934536,0.06645325783124864,0.0653263596032836,0.11268982279650816,0.7415831384796507,0.5385702410640066,0.6239793075452417,0.799646810667626,0.5807386296164351,0.6728349625425931,0.8246643883774547,0.5989074931718323,0.6938851321134036,84210.0,61157,0.7262439140244626,0.24008676414651106,0.23008676414651102,0.9999999999999973
stage_1__cw0p01__ta0p9__sig0p1__spg8__pop48__dec0p9__th1,stage_1__cw0p01__ta0p9__sig0p1__spg8__pop48__dec0p9__th1__seed404,GridSearchOuts/history/stage_1__cw0p01__ta0p9__sig0p1__spg8__pop48__dec0p9__th1__seed404.csv,stage_1,validation,404,0.01,0.9,0.1,8,48,0.9,1.0,250,114,0.04981111592908568,0.06352164731043726,0.0655106020596463,0.06535430390343933,0.015629815620695767,0.6439855138306572,0.5891461821636386,0.6153464517604421,0.6876906501901634,0.6291295570597316,0.6571079510565618,0.7088357844727995,0.648474052962831,0.6773127275202918,84210.0,77039,0.9148438427740173,0.24008676414651106,0.23008676414651102,0.9999999999999973
stage_1__cw0p01__ta0p9__sig0p1__spg8__pop48__dec0p9__th1,stage_1__cw0p01__ta0p9__sig0p1__spg8__pop48__dec0p9__th1__seed505,GridSearchOuts/history/stage_1__cw0p01__ta0p9__sig0p1__spg8__pop48__dec0p9__th1__seed505.csv,stage_1,validation,505,0.01,0.9,0.1,8,48,0.9,1.0,250,123,0.05333594854885536,0.0795293393934228,0.08223736320758039,0.08157795771539524,0.0659405492185133,0.6731542397660819,0.5249020306376915,0.5898554786015333,0.7264711257309941,0.5664766654791592,0.636574722766632,0.7498324805068226,0.5846930293314333,0.6570452513439704,84210.0,65664,0.7797648735304595,0.24008676414651106,0.23008676414651102,0.9999999999999973
stage_1__cw0p01__ta0p9__sig0p1__spg16__pop17__dec0p9__th1,stage_1__cw0p01__ta0p9__sig0p1__spg16__pop17__dec0p9__th1__seed202,GridSearchOuts/history/stage_1__cw0p01__ta0p9__sig0p1__spg16__pop17__dec0p9__th1__seed202.csv,stage_1,validation,202,0.01,0.9,0.1,16,17,0.9,1.0,250,131,0.059893521741703745,0.0670313456177433,0.07265705681200542,0.07167997604828588,0.09770807637195497,0.7113424286286225,0.548580928630804,0.6194486161762943,0.7584152012565059,0.5848830305189407,0.660440356146258,0.7792645745434388,0.6009618810117563,0.6785963312588947,84210.0,64942,0.7711910699441872,0.24008676414651106,0.23008676414651102,0.9999999999999973
stage_1__cw0p01__ta0p9__sig0p1__spg16__pop17__dec0p9__th1,stage_1__cw0p01__ta0p9__sig0p1__spg16__pop17__dec0p9__th1__seed404,GridSearchOuts/history/stage_1__cw0p01__ta0p9__sig0p1__spg16__pop17__dec0p9__th1__seed404.csv,stage_1,validation,404,0.01,0.9,0.1,16,17,0.9,1.0,250,157,0.061676579432209395,0.08381700217478456,0.08670315631002007,0.08579089767622429,0.0912258633795688,0.662923972705584,0.47185607410046315,0.5513045529273873,0.7283738467441899,0.5184419902624391,0.6057343443237897,0.7583876941557249,0.5398052487828049,0.6306946284742174,84210.0,59939,0.7117800736254601,0.24008676414651106,0.23008676414651102,0.9999999999999973
stage_1__cw0p01__ta0p9__sig0p1__spg16__pop17__dec0p9__th1,stage_1__cw0p01__ta0p9__sig0p1__spg16__pop17__dec0p9__th1__seed101,GridSearchOuts/history/stage_1__cw0p01__ta0p9__sig0p1__spg16__pop17__dec0p9__th1__seed101.csv,stage_1,validation,101,0.01,0.9,0.1,16,17,0.9,1.0,250,197,0.043792837092409234,0.05443438675620462,0.059691115518942,0.05911262730076691,0.05784882181750992,0.7538608225827422,0.6196769979812374,0.6802145589869324,0.7947299230002456,0.6532715829473934,0.7170910702525827,0.8116323081145895,0.6671654197838737,0.7323422254950043,84210.0,69221,0.8220045125282033,0.24008676414651106,0.23008676414651102,0.9999999999999973
stage_1__cw0p01__ta0p9__sig0p1__spg16__pop17__dec0p9__th1,stage_1__cw0p01__ta0p9__sig0p1__spg16__pop17__dec0p9__th1__seed303,GridSearchOuts/history/stage_1__cw0p01__ta0p9__sig0p1__spg16__pop17__dec0p9__th1__seed303.csv,stage_1,validation,303,0.01,0.9,0.1,16,17,0.9,1.0,250,181,0.06703503029959033,0.07008767081473255,0.07597222033965165,0.07483177927337374,0.11404410662778681,0.709769879616739,0.514606341289633,0.5966337383397873,0.763098845303415,0.5532715829473934,0.6414621553707308,0.7866513799033659,0.5703479396746229,0.6612604550299742,84210.0,61055,0.7250326564541029,0.24008676414651106,0.23008676414651102,0.9999999999999973
stage_1__cw0p01__ta0p9__sig0p1__spg16__pop17__dec0p9__th1,stage_1__cw0p01__ta0p9__sig0p1__spg16__pop17__dec0p9__th1__seed505,GridSearchOuts/history/stage_1__cw0p01__ta0p9__sig0p1__spg16__pop17__dec0p9__th1__seed505.csv,stage_1,validation,505,0.01,0.9,0.1,16,17,0.9,1.0,250,123,0.06955096999409448,0.08672701301945238,0.08945791161621677,0.08797792376697383,0.14799878492429086,0.6167575953007617,0.4201876261726636,0.4998410803704717,0.6964668560771121,0.4744923405771286,0.5644401438041244,0.7297066462149867,0.49713810711316947,0.5913787867011234,84210.0,57371,0.6812848830305189,0.24008676414651106,0.23008676414651102,0.9999999999999973
stage_1__cw0p01__ta0p9__sig0p1__spg16__pop32__dec0p9__th1,stage_1__cw0p01__ta0p9__sig0p1__spg16__pop32__dec0p9__th1__seed101,GridSearchOuts/history/stage_1__cw0p01__ta0p9__sig0p1__spg16__pop32__dec0p9__th1__seed101.csv,stage_1,validation,101,0.01,0.9,0.1,16,32,0.9,1.0,250,180,0.04580791145948061,0.05874821052593486,0.061071542956973764,0.06057940014999594,0.04921428069778079,0.6675466385075678,0.5405058781617386,0.5973463522180968,0.7349671477179397,0.5950955943474646,0.6576768114225274,0.768611404435058,0.6223370146063413,0.6877829835815363,84210.0,68184,0.8096900605628785,0.24008676414651106,0.23008676414651102,0.9999999999999973
stage_1__cw0p01__ta0p9__sig0p1__spg16__pop32__dec0p9__th1,stage_1__cw0p01__ta0p9__sig0p1__spg16__pop32__dec0p9__th1__seed505,GridSearchOuts/history/stage_1__cw0p01__ta0p9__sig0p1__spg16__pop32__dec0p9__th1__seed505.csv,stage_1,validation,505,0.01,0.9,0.1,16,32,0.9,1.0,250,116,0.056014613114689,0.06977332373232127,0.07088274740986913,0.07000992860270709,0.0872818807162044,0.6992498791385307,0.5324545778411115,0.6045586619290864,0.7609438111130171,0.5794323714523216,0.657898107635706,0.7868627481558879,0.599168744804655,0.6803071467571422,84210.0,64123,0.761465384158651,0.24008676414651106,0.23008676414651102,0.9999999999999973
stage_1__cw0p01__ta0p9__sig0p1__spg16__pop32__dec0p9__th1,stage_1__cw0p01__ta0p9__sig0p1__spg16__pop32__dec0p9__th1__seed404,GridSearchOuts/history/stage_1__cw0p01__ta0p9__sig0p1__spg16__pop32__dec0p9__th1__seed404.csv,stage_1,validation,404,0.01,0.9,0.1,16,32,0.9,1.0,250,157,0.051907018400919734,0.06243886752499334,0.06348402493063773,0.06329609855166168,0.01879263789760782,0.6448529705408608,0.5752523453271583,0.6080674821592822,0.6917772660108359,0.6171119819498871,0.6523149920600548,0.7159249743746755,0.6386533665835411,0.67508519999197,84210.0,75121,0.8920674504215651,0.24008676414651106,0.23008676414651102,0.9999999999999973
stage_1__cw0p01__ta0p9__sig0p1__spg16__pop32__dec0p9__th1,stage_1__cw0p01__ta0p9__sig0p1__spg16__pop32__dec0p9__th1__seed303,GridSearchOuts/history/stage_1__cw0p01__ta0p9__sig0p1__spg16__pop32__dec0p9__th1__seed303.csv,stage_1,validation,303,0.01,0.9,0.1,16,32,0.9,1.0,250,196,0.05246306807077097,0.061563710634702014,0.06349967448625421,0.06303260050765609,0.04670739785981306,0.6800335255270877,0.5588291176819855,0.6135022912302509,0.7391367176774902,0.6073981712385702,0.6668231091637759,0.7670120373983035,0.6303051894074337,0.6919712406536951,84210.0,69201,0.821767011043819,0.24008676414651106,0.23008676414651102,0.9999999999999973
stage_1__cw0p01__ta0p9__sig0p1__spg16__pop32__dec0p9__th1,stage_1__cw0p01__ta0p9__sig0p1__spg16__pop32__dec0p9__th1__seed202,GridSearchOuts/history/stage_1__cw0p01__ta0p9__sig0p1__spg16__pop32__dec0p9__th1__seed202.csv,stage_1,validation,202,0.01,0.9,0.1,16,32,0.9,1.0,250,250,0.03455928858798687,0.0501224847453233,0.05001889738117205,0.049792960844544897,0.022593653662712265,0.7500102103328569,0.6542215888849305,0.6988488250399362,0.7968143761486625,0.6950480940505878,0.742460279706476,0.818174392485195,0.7136800855005344,0.7623632385115373,84210.0,73455,0.8722835767723548,0.24008676414651106,0.23008676414651102,0.9999999999999973
stage_1__cw0p01__ta0p9__sig0p1__spg16__pop48__dec0p9__th1,stage_1__cw0p01__ta0p9__sig0p1__spg16__pop48__dec0p9__th1__seed303,GridSearchOuts/history/stage_1__cw0p01__ta0p9__sig0p1__spg16__pop48__dec0p9__th1__seed303.csv,stage_1,validation,303,0.01,0.9,0.1,16,48,0.9,1.0,250,127,0.045701821752930714,0.0579388020317508,0.05899591650297714,0.05863012165449259,0.036579484848452366,0.7011741520013324,0.599940624628904,0.646619139649578,0.7565230666740688,0.6472984206151289,0.6976616195871187,0.7802836840059957,0.667628547678423,0.7195735367518804,84210.0,72052,0.8556228476427977,0.24008676414651106,0.23008676414651102,0.9999999999999973
stage_1__cw0p01__ta0p9__sig0p1__spg16__pop48__dec0p9__th1,stage_1__cw0p01__ta0p9__sig0p1__spg16__pop48__dec0p9__th1__seed202,GridSearchOuts/history/stage_1__cw0p01__ta0p9__sig0p1__spg16__pop48__dec0p9__th1__seed202.csv,stage_1,validation,202,0.01,0.9,0.1,16,48,0.9,1.0,250,158,0.050840456072615475,0.05867869548326657,0.061105678981905484,0.06062606339565659,0.047961558624891404,0.7142246233233076,0.595000593753711,0.6491840661293409,0.7629324476501361,0.6355777223607647,0.6934563334472862,0.7848987213661568,0.6538772117325733,0.7134222579240068,84210.0,70153,0.8330720817005106,0.24008676414651106,0.23008676414651102,0.9999999999999973
stage_1__cw0p01__ta0p9__sig0p1__spg16__pop48__dec0p9__th1,stage_1__cw0p01__ta0p9__sig0p1__spg16__pop48__dec0p9__th1__seed505,GridSearchOuts/history/stage_1__cw0p01__ta0p9__sig0p1__spg16__pop48__dec0p9__th1__seed505.csv,stage_1,validation,505,0.01,0.9,0.1,16,48,0.9,1.0,250,117,0.05443020959346195,0.0663865504723658,0.06770029859177631,0.06755650398014987,0.01437946116264717,0.6566278718258767,0.6190594941218382,0.637290497670678,0.7044412535268038,0.6641372758579741,0.683695798339374,0.7246573962112052,0.6831967699798124,0.7033165853713174,84210.0,79392,0.9427858924118275,0.24008676414651106,0.23008676414651102,0.9999999999999973
stage_1__cw0p01__ta0p9__sig0p1__spg16__pop48__dec0p9__th1,stage_1__cw0p01__ta0p9__sig0p1__spg16__pop48__dec0p9__th1__seed101,GridSearchOuts/history/stage_1__cw0p01__ta0p9__sig0p1__spg16__pop48__dec0p9__th1__seed101.csv,stage_1,validation,101,0.01,0.9,0.1,16,48,0.9,1.0,250,197,0.04208726447009373,0.05366498580889832,0.05595034642461976,0.05520417184615845,0.07461745784613298,0.7447364735539891,0.5683291770573566,0.6446828716327353,0.805626877052114,0.6147963424771404,0.6973927919549487,0.8325008169553242,0.6353045956537229,0.7206562809394778,84210.0,64263,0.7631278945493409,0.24008676414651106,0.23008676414651102,0.9999999999999973
stage_1__cw0p01__ta0p9__sig0p1__spg16__pop48__dec0p9__th1,stage_1__cw0p01__ta0p9__sig0p1__spg16__pop48__dec0p9__th1__seed404,GridSearchOuts/history/stage_1__cw0p01__ta0p9__sig0p1__spg16__pop48__dec0p9__th1__seed404.csv,stage_1,validation,404,0.01,0.9,0.1,16,48,0.9,1.0,250,174,0.048597678291668445,0.05234865415530077,0.0583468394848253,0.057554561509348706,0.07922779754765895,0.7537203315333417,0.570181688635554,0.6492286058109945,0.8064485746577923,0.6100700629378933,0.6946468894082201,0.8306542760266231,0.6283814273839211,0.7154968427594918,84210.0,63704,0.7564897280608004,0.24008676414651106,0.23008676414651102,0.9999999999999973
stage_1__cw0p01__ta0p9__sig0p1__spg24__pop17__dec0p9__th1,stage_1__cw0p01__ta0p9__sig0p1__spg24__pop17__dec0p9__th1__seed505,GridSearchOuts/history/stage_1__cw0p01__ta0p9__sig0p1__spg24__pop17__dec0p9__th1__seed505.csv,stage_1,validation,505,0.01,0.9,0.1,24,17,0.9,1.0,250,106,0.06044941720349295,0.07121701325585342,0.07459397413019238,0.07414972983237192,0.04442442978204741,0.6681690619950676,0.5598147488421803,0.6092114445214857,0.717592198883125,0.601223132644579,0.6542736036799464,0.7412761856166907,0.6210663816648854,0.6758677728665788,84210.0,70554,0.8378339864624154,0.24008676414651106,0.23008676414651102,0.9999999999999973
stage_1__cw0p01__ta0p9__sig0p1__spg24__pop17__dec0p9__th1,stage_1__cw0p01__ta0p9__sig0p1__spg24__pop17__dec0p9__th1__seed101,GridSearchOuts/history/stage_1__cw0p01__ta0p9__sig0p1__spg24__pop17__dec0p9__th1__seed101.csv,stage_1,validation,101,0.01,0.9,0.1,24,17,0.9,1.0,250,235,0.05593495604310498,0.06040035135542564,0.06451273708116795,0.06372540870769544,0.07873283734725146,0.687846704672926,0.5315639472746705,0.5996905289805983,0.7524624675384545,0.5814986343664648,0.656024972033242,0.7843170398143737,0.6061156632228951,0.6837969816522977,84210.0,65077,0.772794204963781,0.24008676414651106,0.23008676414651102,0.9999999999999973
stage_1__cw0p01__ta0p9__sig0p1__spg24__pop17__dec0p9__th1,stage_1__cw0p01__ta0p9__sig0p1__spg24__pop17__dec0p9__th1__seed404,GridSearchOuts/history/stage_1__cw0p01__ta0p9__sig0p1__spg24__pop17__dec0p9__th1__seed404.csv,stage_1,validation,404,0.01,0.9,0.1,24,17,0.9,1.0,250,154,0.053534157610048365,0.0618016841744175,0.06337973713643474,0.06311309221740134,0.02666449190334124,0.649063193805166,0.569350433440209,0.6065992737757391,0.7110115340878324,0.6236907730673317,0.664494743101009,0.7436237613039476,0.6522978268614179,0.6949733675775333,84210.0,73868,0.8771879824248902,0.24008676414651106,0.23008676414651102,0.9999999999999973
stage_1__cw0p01__ta0p9__sig0p1__spg24__pop17__dec0p9__th1,stage_1__cw0p01__ta0p9__sig0p1__spg24__pop17__dec0p9__th1__seed202,GridSearchOuts/history/stage_1__cw0p01__ta0p9__sig0p1__spg24__pop17__dec0p9__th1__seed202.csv,stage_1,validation,202,0.01,0.9,0.1,24,17,0.9,1.0,250,219,0.04666604001822882,0.05431308377602167,0.054769528711034174,0.05457840200411811,0.019112670691611353,0.7010231995370614,0.6329770811067569,0.6652646555915285,0.7585485822505129,0.6849186557415984,0.7198557218271912,0.782616129201957,0.7066500415627598,0.742695605506035,84210.0,76036,0.9029331433321458,0.24008676414651106,0.23008676414651102,0.9999999999999973
stage_1__cw0p01__ta0p9__sig0p1__spg24__pop17__dec0p9__th1,stage_1__cw0p01__ta0p9__sig0p1__spg24__pop17__dec0p9__th1__seed303,GridSearchOuts/history/stage_1__cw0p01__ta0p9__sig0p1__spg24__pop17__dec0p9__th1__seed303.csv,stage_1,validation,303,0.01,0.9,0.1,24,17,0.9,1.0,250,187,0.04473808646077277,0.04601353796393729,0.04949244497604759,0.049230658011685066,0.02617869643624954,0.7465766503000546,0.650029687685548,0.6949660382144456,0.7874795417348609,0.6856430352689704,0.7330413254613191,0.8048008728859792,0.7007243795273721,0.7491652383667975,84210.0,73320,0.8706804417527609,0.24008676414651106,0.23008676414651102,0.9999999999999973
stage_1__cw0p01__ta0p9__sig0p1__spg24__pop32__dec0p9__th1,stage_1__cw0p01__ta0p9__sig0p1__spg24__pop32__dec0p9__th1__seed404,GridSearchOuts/history/stage_1__cw0p01__ta0p9__sig0p1__spg24__pop32__dec0p9__th1__seed404.csv,stage_1,validation,404,0.01,0.9,0.1,24,32,0.9,1.0,250,114,0.05631780458780968,0.06596162832541336,0.06825271818177409,0.06785856248457416,0.03941556971999139,0.6971941702193958,0.5845386533665835,0.635915588483675,0.745449910060479,0.6249970312314452,0.6799299800399398,0.7678143988215799,0.6437477734235839,0.7003287837579737,84210.0,70603,0.8384158650991569,0.24008676414651106,0.23008676414651102,0.9999999999999973
stage_1__cw0p01__ta0p9__sig0p1__spg24__pop32__dec0p9__th1,stage_1__cw0p01__ta0p9__sig0p1__spg24__pop32__dec0p9__th1__seed303,GridSearchOuts/history/stage_1__cw0p01__ta0p9__sig0p1__spg24__pop32__dec0p9__th1__seed303.csv,stage_1,validation,303,0.01,0.9,0.1,24,32,0.9,1.0,250,156,0.04428940334805581,0.05244671096072966,0.05265525405567821,0.0522827786310712,0.037247542460697634,0.735023204984459,0.6149982187388671,0.6696752419678362,0.7900623057380888,0.6610497565609785,0.7198210371821325,0.8118338324415617,0.6792661204132526,0.7396569448300776,84210.0,70459,0.8367058544115901,0.24008676414651106,0.23008676414651102,0.9999999999999973
stage_1__cw0p01__ta0p9__sig0p1__spg24__pop32__dec0p9__th1,stage_1__cw0p01__ta0p9__sig0p1__spg24__pop32__dec0p9__th1__seed202,GridSearchOuts/history/stage_1__cw0p01__ta0p9__sig0p1__spg24__pop32__dec0p9__th1__seed202.csv,stage_1,validation,202,0.01,0.9,0.1,24,32,0.9,1.0,250,180,0.052819860474573814,0.05732730935277987,0.06252911594929528,0.0617552900820619,0.07738258672333428,0.772292301000435,0.5903574397339983,0.669179308394873,0.8133039209594234,0.6217076356727229,0.7047152414150235,0.8314484558503697,0.6355777223607647,0.7204371996603023,84210.0,64372,0.7644222776392352,0.24008676414651106,0.23008676414651102,0.9999999999999973
stage_1__cw0p01__ta0p9__sig0p1__spg24__pop32__dec0p9__th1,stage_1__cw0p01__ta0p9__sig0p1__spg24__pop32__dec0p9__th1__seed505,GridSearchOuts/history/stage_1__cw0p01__ta0p9__sig0p1__spg24__pop32__dec0p9__th1__seed505.csv,stage_1,validation,505,0.01,0.9,0.1,24,32,0.9,1.0,250,199,0.04081934379882307,0.05043342588733296,0.05004926189331625,0.04981692072344877,0.023234116986747738,0.7431767576432314,0.6619047619047619,0.7001903134828665,0.7974960333862215,0.7102838142738392,0.7513676818807787,0.8194824069012413,0.7298658116613229,0.7720823309942193,84210.0,75001,0.8906424415152595,0.24008676414651106,0.23008676414651102,0.9999999999999973
stage_1__cw0p01__ta0p9__sig0p1__spg24__pop32__dec0p9__th1,stage_1__cw0p01__ta0p9__sig0p1__spg24__pop32__dec0p9__th1__seed101,GridSearchOuts/history/stage_1__cw0p01__ta0p9__sig0p1__spg24__pop32__dec0p9__th1__seed101.csv,stage_1,validation,101,0.01,0.9,0.1,24,32,0.9,1.0,250,235,0.04923132683736978,0.05390610241477619,0.05672840342146813,0.05604427156119265,0.06841318602754687,0.813755784101216,0.628595178719867,0.709290562042668,0.8518962628172608,0.6580572378577366,0.7425347885214735,0.8679764485234208,0.6704785654910344,0.7565506937600184,84210.0,65049,0.7724617028856431,0.24008676414651106,0.23008676414651102,0.9999999999999973
stage_1__cw0p01__ta0p9__sig0p1__spg24__pop48__dec0p9__th1,stage_1__cw0p01__ta0p9__sig0p1__spg24__pop48__dec0p9__th1__seed101,GridSearchOuts/history/stage_1__cw0p01__ta0p9__sig0p1__spg24__pop48__dec0p9__th1__seed101.csv,stage_1,validation,101,0.01,0.9,0.1,24,48,0.9,1.0,250,104,0.06060899219661681,0.06548541532558283,0.06971941041034702,0.06902090944117659,0.06985009691704518,0.7017232217414409,0.5488540553378458,0.6159453606525142,0.7509451150079709,0.5873530459565373,0.6591504247871137,0.7722310787216276,0.604001900011875,0.6778344161247781,84210.0,65865,0.7821517634485216,0.24008676414651106,0.23008676414651102,0.9999999999999973
stage_1__cw0p01__ta0p9__sig0p15__spg8__pop17__dec0p9__th1,stage_1__cw0p01__ta0p9__sig0p15__spg8__pop17__dec0p9__th1__seed101,GridSearchOuts/history/stage_1__cw0p01__ta0p9__sig0p15__spg8__pop17__dec0p9__th1__seed101.csv,stage_1,validation,101,0.01,0.9,0.15,8,17,0.9,1.0,250,131,0.06331901528032309,0.08242847449680274,0.08549537219600227,0.0847619017390015,0.07334704570007339,0.6544583744189323,0.49654435340220876,0.5646687058151353,0.7087539716078947,0.5377389858686616,0.6115151146847579,0.7300715280712463,0.553912836955231,0.6299079682103924,84210.0,63891,0.7587103669397933,0.24008676414651106,0.23008676414651102,0.9999999999999973
stage_1__cw0p01__ta0p9__sig0p15__spg8__pop17__dec0p9__th1,stage_1__cw0p01__ta0p9__sig0p15__spg8__pop17__dec0p9__th1__seed202,GridSearchOuts/history/stage_1__cw0p01__ta0p9__sig0p15__spg8__pop17__dec0p9__th1__seed202.csv,stage_1,validation,202,0.01,0.9,0.15,8,17,0.9,1.0,250,110,0.05615123269536279,0.06726706331315367,0.07051736658508206,0.06986593567990913,0.06514309051727814,0.6740742947362149,0.5374183588647429,0.5980389565764019,0.7276356161935119,0.580121125757036,0.6455585802252113,0.7547141708123566,0.6017100106875668,0.6695826836160721,84210.0,67138,0.7972687329295808,0.24008676414651106,0.23008676414651102,0.9999999999999973
stage_1__cw0p01__ta0p9__sig0p15__spg8__pop17__dec0p9__th1,stage_1__cw0p01__ta0p9__sig0p15__spg8__pop17__dec0p9__th1__seed505,GridSearchOuts/history/stage_1__cw0p01__ta0p9__sig0p15__spg8__pop17__dec0p9__th1__seed505.csv,stage_1,validation,505,0.01,0.9,0.15,8,17,0.9,1.0,250,108,0.051687816476192854,0.06615245485227671,0.06844793879760483,0.06734778901080324,0.11001497868015235,0.6991535992816402,0.49928749554684715,0.5825545387152474,0.7760945840331244,0.5542334639591497,0.6466639417509877,0.8097011823004141,0.578232988956181,0.674665909232127,84210.0,60137,0.7141313383208645,0.24008676414651106,0.23008676414651102,0.9999999999999973
stage_1__cw0p01__ta0p9__sig0p15__spg8__pop17__dec0p9__th1,stage_1__cw0p01__ta0p9__sig0p15__spg8__pop17__dec0p9__th1__seed303,GridSearchOuts/history/stage_1__cw0p01__ta0p9__sig0p15__spg8__pop17__dec0p9__th1__seed303.csv,stage_1,validation,303,0.01,0.9,0.15,8,17,0.9,1.0,250,113,0.041628140336581396,0.05429344178285141,0.05928266927173562,0.05893341117385357,0.03492580978820605,0.7220681758611651,0.6215651347820924,0.668057868907409,0.766695636579343,0.6599809998812493,0.7093472198286018,0.7855398750155196,0.6762023512646954,0.7267819194756959,84210.0,72489,0.8608122550765942,0.24008676414651106,0.23008676414651102,0.9999999999999973
stage_1__cw0p01__ta0p9__sig0p15__spg8__pop17__dec0p9__th1,stage_1__cw0p01__ta0p9__sig0p15__spg8__pop17__dec0p9__th1__seed404,GridSearchOuts/history/stage_1__cw0p01__ta0p9__sig0p15__spg8__pop17__dec0p9__th1__seed404.csv,stage_1,validation,404,0.01,0.9,0.15,8,17,0.9,1.0,250,174,0.050329290290327386,0.07263286291735174,0.07556960057063028,0.07542733862851668,0.01422619421136738,0.6503669712810752,0.5924355777223608,0.6200510815995607,0.680441669165287,0.6198313739460871,0.6487238921439961,0.6997092909567326,0.6373827336420853,0.6670933823844277,84210.0,76709,0.9109250682816767,0.24008676414651106,0.23008676414651102,0.9999999999999973
stage_1__cw0p01__ta0p9__sig0p15__spg8__pop32__dec0p9__th1,stage_1__cw0p01__ta0p9__sig0p15__spg8__pop32__dec0p9__th1__seed101,GridSearchOuts/history/stage_1__cw0p01__ta0p9__sig0p15__spg8__pop32__dec0p9__th1__seed101.csv,stage_1,validation,101,0.01,0.9,0.15,8,32,0.9,1.0,250,131,0.055742383354667246,0.06618978213749138,0.0686661225538512,0.06847779447597768,0.018832807787347024,0.6277985939175681,0.563080394252464,0.5936809420361988,0.6849422076288578,0.6143332145825912,0.6477190917679486,0.7158839650994983,0.6420852630328939,0.6769793225193619,84210.0,75529,0.8969124807030044,0.24008676414651106,0.23008676414651102,0.9999999999999973
stage_1__cw0p01__ta0p9__sig0p15__spg8__pop32__dec0p9__th1,stage_1__cw0p01__ta0p9__sig0p15__spg8__pop32__dec0p9__th1__seed202,GridSearchOuts/history/stage_1__cw0p01__ta0p9__sig0p15__spg8__pop32__dec0p9__th1__seed202.csv,stage_1,validation,202,0.01,0.9,0.15,8,32,0.9,1.0,250,170,0.034290700250509364,0.051273207697634035,0.051891056353136567,0.05175226837119593,0.013878798194062781,0.7106513802600397,0.6587934924593278,0.6837405638571498,0.7663229360148595,0.7104025650160314,0.7373039593278014,0.7890988278998271,0.7315164469777936,0.7592173779073731,84210.0,78065,0.9270276689229308,0.24008676414651106,0.23008676414651102,0.9999999999999973
stage_1__cw0p01__ta0p9__sig0p15__spg8__pop32__dec0p9__th1,stage_1__cw0p01__ta0p9__sig0p15__spg8__pop32__dec0p9__th1__seed404,GridSearchOuts/history/stage_1__cw0p01__ta0p9__sig0p15__spg8__pop32__dec0p9__th1__seed404.csv,stage_1,validation,404,0.01,0.9,0.15,8,32,0.9,1.0,250,174,0.04603486264875382,0.06443274243575343,0.06518469949765957,0.06499694541831423,0.01877540793453367,0.6934292773150086,0.609939437121482,0.6490103044580282,0.7424363111069109,0.6530459565372284,0.6948780965493091,0.7651037518056999,0.6729842061512884,0.716093529860951,84210.0,74071,0.8795986224913905,0.24008676414651106,0.23008676414651102,0.9999999999999973
stage_1__cw0p01__ta0p9__sig0p15__spg8__pop32__dec0p9__th1,stage_1__cw0p01__ta0p9__sig0p15__spg8__pop32__dec0p9__th1__seed303,GridSearchOuts/history/stage_1__cw0p01__ta0p9__sig0p15__spg8__pop32__dec0p9__th1__seed303.csv,stage_1,validation,303,0.01,0.9,0.15,8,32,0.9,1.0,250,225,0.046530702007171826,0.05469642486873663,0.05881769262927142,0.058057567564000656,0.0760125065270711,0.7427260450555522,0.5747417171357321,0.6480244219203243,0.7932907740470199,0.6138700866880418,0.6921418720789865,0.8161254680498434,0.631540197126232,0.7120650180079968,84210.0,65164,0.7738273364208527,0.24008676414651106,0.23008676414651102,0.9999999999999973
stage_1__cw0p01__ta0p9__sig0p15__spg8__pop32__dec0p9__th1,stage_1__cw0p01__ta0p9__sig0p15__spg8__pop32__dec0p9__th1__seed505,GridSearchOuts/history/stage_1__cw0p01__ta0p9__sig0p15__spg8__pop32__dec0p9__th1__seed505.csv,stage_1,validation,505,0.01,0.9,0.15,8,32,0.9,1.0,250,192,0.054951760335609515,0.06838541451789332,0.07137218917976082,0.07057374719618889,0.0798441983571956,0.6458346151479727,0.49859874124213277,0.5627454396799844,0.7091152402633359,0.5474527965799786,0.6178847622999732,0.7437088537500769,0.5741598384989907,0.6480277707035599,84210.0,65012,0.7720223251395322,0.24008676414651106,0.23008676414651102,0.9999999999999973
stage_1__cw0p01__ta0p9__sig0p15__spg8__pop48__dec0p9__th1,stage_1__cw0p01__ta0p9__sig0p15__spg8__pop48__dec0p9__th1__seed101,GridSearchOuts/history/stage_1__cw0p01__ta0p9__sig0p15__spg8__pop48__dec0p9__th1__seed101.csv,stage_1,validation,101,0.01,0.9,0.15,8,48,0.9,1.0,250,91,0.05265286325311579,0.08472871091316635,0.08793201443079984,0.08745057392443636,0.04814405063634694,0.7819234234922187,0.6079800498753117,0.6840674206840028,0.800342104861249,0.6223013893836836,0.7001810444455853,0.8081616445469402,0.6283814273839211,0.707021985876705,84210.0,65477,0.7775442346514666,0.24008676414651106,0.23008676414651102,0.9999999999999973
stage_1__cw0p01__ta0p9__sig0p1__spg24__pop48__dec0p9__th1,stage_1__cw0p01__ta0p9__sig0p1__spg24__pop48__dec0p9__th1__seed303,GridSearchOuts/history/stage_1__cw0p01__ta0p9__sig0p1__spg24__pop48__dec0p9__th1__seed303.csv,stage_1,validation,303,0.01,0.9,0.1,24,48,0.9,1.0,250,116,0.05285514432625923,0.05929323725530321,0.06375716399351761,0.06315965167202135,0.05975123214962737,0.7112068333992645,0.5764398527490797,0.6367708886741347,0.7640543272823173,0.6192732454577841,0.6840872867510451,0.7894891067059323,0.6398883743023394,0.7068600250547648,84210.0,68253,0.8105094406840043,0.24008676414651106,0.23008676414651102,0.9999999999999973
stage_1__cw0p01__ta0p9__sig0p15__spg8__pop48__dec0p9__th1,stage_1__cw0p01__ta0p9__sig0p15__spg8__pop48__dec0p9__th1__seed303,GridSearchOuts/history/stage_1__cw0p01__ta0p9__sig0p15__spg8__pop48__dec0p9__th1__seed303.csv,stage_1,validation,303,0.01,0.9,0.15,8,48,0.9,1.0,250,156,0.041783523219603935,0.060390059924785584,0.05776444996325944,0.05746291394500367,0.030153601825577945,0.6985768138111889,0.6073744210901318,0.6497910129198586,0.7511746066433567,0.6531053319083244,0.6987155870054608,0.7749399038461539,0.6737679610497566,0.7208212112352576,84210.0,73216,0.8694454340339627,0.24008676414651106,0.23008676414651102,0.9999999999999973
stage_1__cw0p01__ta0p9__sig0p15__spg8__pop48__dec0p9__th1,stage_1__cw0p01__ta0p9__sig0p15__spg8__pop48__dec0p9__th1__seed202,GridSearchOuts/history/stage_1__cw0p01__ta0p9__sig0p15__spg8__pop48__dec0p9__th1__seed202.csv,stage_1,validation,202,0.01,0.9,0.15,8,48,0.9,1.0,250,170,0.039811265185154605,0.05451860083926776,0.0582517595896793,0.05809657103505464,0.015518855462464969,0.6921299963039231,0.6226457665360409,0.6555518047580124,0.7459739162574581,0.6710841942762142,0.7065501419046563,0.767952373409367,0.6908561928512054,0.7273670655009205,84210.0,75756,0.8996081225507659,0.24008676414651106,0.23008676414651102,0.9999999999999973
stage_1__cw0p01__ta0p9__sig0p15__spg8__pop48__dec0p9__th1,stage_1__cw0p01__ta0p9__sig0p15__spg8__pop48__dec0p9__th1__seed505,GridSearchOuts/history/stage_1__cw0p01__ta0p9__sig0p15__spg8__pop48__dec0p9__th1__seed505.csv,stage_1,validation,505,0.01,0.9,0.15,8,48,0.9,1.0,250,137,0.053904558433859155,0.06587395984814731,0.07095419734301106,0.0703956036493902,0.05585936936208213,0.6559694118657903,0.5439615247595297,0.5947377646206116,0.7174320860362876,0.5949293433083956,0.6504631883714312,0.7448124758345147,0.6176344852155325,0.6752877480665773,84210.0,69831,0.8292483078019237,0.24008676414651106,0.23008676414651102,0.9999999999999973
stage_1__cw0p01__ta0p9__sig0p15__spg8__pop48__dec0p9__th1,stage_1__cw0p01__ta0p9__sig0p15__spg8__pop48__dec0p9__th1__seed404,GridSearchOuts/history/stage_1__cw0p01__ta0p9__sig0p15__spg8__pop48__dec0p9__th1__seed404.csv,stage_1,validation,404,0.01,0.9,0.15,8,48,0.9,1.0,250,174,0.05455737868930212,0.06178524356493154,0.06871050933918946,0.06785493158896061,0.08555777502288484,0.71566261356125,0.552855955349721,0.6238116612953418,0.7698491998831721,0.5947155919724498,0.6710437281839878,0.7936759257835918,0.6131219570122314,0.6918124384470806,84210.0,65053,0.7725092031825199,0.24008676414651106,0.23008676414651102,0.9999999999999973
stage_1__cw0p01__ta0p9__sig0p15__spg16__pop17__dec0p9__th1,stage_1__cw0p01__ta0p9__sig0p15__spg16__pop17__dec0p9__th1__seed303,GridSearchOuts/history/stage_1__cw0p01__ta0p9__sig0p15__spg16__pop17__dec0p9__th1__seed303.csv,stage_1,validation,303,0.01,0.9,0.15,16,17,0.9,1.0,250,127,0.047294786199263604,0.06415359977809298,0.06680355664502602,0.0665421854116048,0.026137123342126103,0.6858695798409773,0.6053912836955231,0.6431225124412355,0.7363613125428836,0.6499584372402327,0.6904673298047863,0.7613044706642091,0.6719748248426552,0.713855896655845,84210.0,74329,0.8826623916399478,0.24008676414651106,0.23008676414651102,0.9999999999999973
stage_1__cw0p01__ta0p9__sig0p15__spg16__pop17__dec0p9__th1,stage_1__cw0p01__ta0p9__sig0p15__spg16__pop17__dec0p9__th1__seed202,GridSearchOuts/history/stage_1__cw0p01__ta0p9__sig0p15__spg16__pop17__dec0p9__th1__seed202.csv,stage_1,validation,202,0.01,0.9,0.15,16,17,0.9,1.0,250,152,0.05724086097474885,0.06027433993618121,0.06694418597938373,0.06575055535531095,0.1193630624072743,0.7474288206969448,0.5290226813917587,0.6195406534870296,0.8028287166753352,0.5682341764636029,0.6654613977869189,0.8272737949432075,0.5855361596009975,0.6857238219071307,84210.0,59603,0.7077900486878043,0.24008676414651106,0.23008676414651102,0.9999999999999973
stage_1__cw0p01__ta0p9__sig0p1__spg24__pop48__dec0p9__th1,stage_1__cw0p01__ta0p9__sig0p1__spg24__pop48__dec0p9__th1__seed202,GridSearchOuts/history/stage_1__cw0p01__ta0p9__sig0p1__spg24__pop48__dec0p9__th1__seed202.csv,stage_1,validation,202,0.01,0.9,0.1,24,48,0.9,1.0,250,165,0.055575361597387414,0.06019112763272124,0.06240162763883776,0.06196180449634528,0.04398231424924859,0.6933897655051501,0.6011518821992637,0.6439847854566385,0.743891080429542,0.6449352808455053,0.6908878118276647,0.7658338812184966,0.663959149744686,0.711267157704091,84210.0,73008,0.8669754185963662,0.24008676414651106,0.23008676414651102,0.9999999999999973
stage_1__cw0p01__ta0p9__sig0p15__spg16__pop17__dec0p9__th1,stage_1__cw0p01__ta0p9__sig0p15__spg16__pop17__dec0p9__th1__seed505,GridSearchOuts/history/stage_1__cw0p01__ta0p9__sig0p15__spg16__pop17__dec0p9__th1__seed505.csv,stage_1,validation,505,0.01,0.9,0.15,16,17,0.9,1.0,250,117,0.04684017803372469,0.06406660120987959,0.06335302192705772,0.06319346061117855,0.015956131587919052,0.6896524266433093,0.617100106875668,0.6513621749670687,0.7421533888070496,0.6640779004868781,0.7009482266965014,0.7661079481360565,0.6855124094525591,0.7235728028773977,84210.0,75351,0.8947987174919844,0.24008676414651106,0.23008676414651102,0.9999999999999973
stage_1__cw0p01__ta0p9__sig0p15__spg16__pop17__dec0p9__th1,stage_1__cw0p01__ta0p9__sig0p15__spg16__pop17__dec0p9__th1__seed101,GridSearchOuts/history/stage_1__cw0p01__ta0p9__sig0p15__spg16__pop17__dec0p9__th1__seed101.csv,stage_1,validation,101,0.01,0.9,0.15,16,17,0.9,1.0,250,235,0.04358189899224568,0.05111961120902076,0.05287312524659701,0.052683113522219965,0.019001172437708037,0.7373255205889058,0.6529984562403515,0.6926046514552072,0.7790262674479411,0.6899299370621066,0.7317761305878926,0.8001448128829831,0.7086331789573684,0.751613776772452,84210.0,74579,0.8856311601947512,0.24008676414651106,0.23008676414651102,0.9999999999999973
stage_1__cw0p01__ta0p9__sig0p1__spg24__pop48__dec0p9__th1,stage_1__cw0p01__ta0p9__sig0p1__spg24__pop48__dec0p9__th1__seed505,GridSearchOuts/history/stage_1__cw0p01__ta0p9__sig0p1__spg24__pop48__dec0p9__th1__seed505.csv,stage_1,validation,505,0.01,0.9,0.1,24,48,0.9,1.0,250,177,0.050822836748724405,0.05690325288082022,0.058575071961747015,0.058202612671395544,0.037245929035151296,0.7026212925732379,0.5955468471677948,0.6446682563448279,0.761099513848999,0.6451134069587935,0.6983231246821568,0.7883211678832117,0.668186676166726,0.7232995044568166,84210.0,71377,0.8476071725448284,0.24008676414651106,0.23008676414651102,0.9999999999999973
stage_1__cw0p01__ta0p9__sig0p15__spg16__pop17__dec0p9__th1,stage_1__cw0p01__ta0p9__sig0p15__spg16__pop17__dec0p9__th1__seed404,GridSearchOuts/history/stage_1__cw0p01__ta0p9__sig0p15__spg16__pop17__dec0p9__th1__seed404.csv,stage_1,validation,404,0.01,0.9,0.15,16,17,0.9,1.0,250,174,0.045349105877230636,0.05842809509336033,0.05984193904932328,0.059395306408973864,0.04466326403494488,0.7745846562799971,0.6228595178719867,0.6904854368927098,0.8218563095325999,0.6608716304476903,0.7326246503203878,0.8406409215092667,0.6759767248545303,0.749369754812736,84210.0,67715,0.8041206507540672,0.24008676414651106,0.23008676414651102,0.9999999999999973
stage_1__cw0p01__ta0p9__sig0p15__spg16__pop32__dec0p9__th1,stage_1__cw0p01__ta0p9__sig0p15__spg16__pop32__dec0p9__th1__seed404,GridSearchOuts/history/stage_1__cw0p01__ta0p9__sig0p15__spg16__pop32__dec0p9__th1__seed404.csv,stage_1,validation,404,0.01,0.9,0.15,16,32,0.9,1.0,250,108,0.05568075309894518,0.06885601034444332,0.07177164266188302,0.07144501462378107,0.03266280381019364,0.6817060176097807,0.5773898586866167,0.6252266385479879,0.7318995008692726,0.6199026243914024,0.6712615891054223,0.7565195446133139,0.640755254720342,0.6938418609430913,84210.0,71324,0.8469777936112101,0.24008676414651106,0.23008676414651102,0.9999999999999973
stage_1__cw0p01__ta0p9__sig0p15__spg16__pop32__dec0p9__th1,stage_1__cw0p01__ta0p9__sig0p15__spg16__pop32__dec0p9__th1__seed202,GridSearchOuts/history/stage_1__cw0p01__ta0p9__sig0p15__spg16__pop32__dec0p9__th1__seed202.csv,stage_1,validation,202,0.01,0.9,0.15,16,32,0.9,1.0,250,121,0.0623881898965238,0.06965406951615448,0.07509242131252819,0.07404968422262667,0.10427370899015406,0.676070303379232,0.5020068875430471,0.5761794751220072,0.7465016232468135,0.554304714404465,0.6362044173664003,0.7755121623566665,0.575846099038119,0.6609285874915887,84210.0,62529,0.7425365158532241,0.24008676414651106,0.23008676414651102,0.9999999999999973
stage_1__cw0p01__ta0p9__sig0p15__spg16__pop32__dec0p9__th1,stage_1__cw0p01__ta0p9__sig0p15__spg16__pop32__dec0p9__th1__seed303,GridSearchOuts/history/stage_1__cw0p01__ta0p9__sig0p15__spg16__pop32__dec0p9__th1__seed303.csv,stage_1,validation,303,0.01,0.9,0.15,16,32,0.9,1.0,250,127,0.052841918515750694,0.06802537819585527,0.0716064802110411,0.07152156932371395,0.008491088732718222,0.6492654235372682,0.6003681273007956,0.623860116733419,0.6981044845122515,0.6455290345564659,0.6707881390436645,0.7240843478707556,0.6695523097019357,0.6957514283241346,84210.0,77868,0.9246882793017457,0.24008676414651106,0.23008676414651102,0.9999999999999973
stage_1__cw0p01__ta0p9__sig0p15__spg16__pop32__dec0p9__th1,stage_1__cw0p01__ta0p9__sig0p15__spg16__pop32__dec0p9__th1__seed505,GridSearchOuts/history/stage_1__cw0p01__ta0p9__sig0p15__spg16__pop32__dec0p9__th1__seed505.csv,stage_1,validation,505,0.01,0.9,0.15,16,32,0.9,1.0,250,123,0.05605389735353007,0.06394541040156317,0.06878156551838498,0.06837135958862584,0.04102059297591794,0.6861745310563871,0.5721054506590666,0.6239695378214324,0.7357536568343992,0.6134425840161501,0.6690540794317057,0.7581860392246229,0.632145825911412,0.68945285939039,84210.0,70211,0.833760836005225,0.24008676414651106,0.23008676414651102,0.9999999999999973
stage_1__cw0p01__ta0p9__sig0p1__spg24__pop48__dec0p9__th1,stage_1__cw0p01__ta0p9__sig0p1__spg24__pop48__dec0p9__th1__seed404,GridSearchOuts/history/stage_1__cw0p01__ta0p9__sig0p1__spg24__pop48__dec0p9__th1__seed404.csv,stage_1,validation,404,0.01,0.9,0.1,24,48,0.9,1.0,250,244,0.046970699021987194,0.053930491340673826,0.05688977481858202,0.056455198917818354,0.04345759007636172,0.7096638777105468,0.58217551359696,0.6396289434538273,0.7717639906198431,0.6331195819973875,0.6956005531921047,0.8017283807648881,0.6577009856311602,0.7226078334154692,84210.0,69082,0.8203538772117326,0.24008676414651106,0.23008676414651102,0.9999999999999973
stage_1__cw0p01__ta0p9__sig0p15__spg16__pop32__dec0p9__th1,stage_1__cw0p01__ta0p9__sig0p15__spg16__pop32__dec0p9__th1__seed101,GridSearchOuts/history/stage_1__cw0p01__ta0p9__sig0p15__spg16__pop32__dec0p9__th1__seed101.csv,stage_1,validation,101,0.01,0.9,0.15,16,32,0.9,1.0,250,197,0.033062213078866795,0.043006170879337675,0.04636367125828822,0.046221337238662265,0.014233401962600041,0.7782596659592138,0.7010806317539484,0.7376568854676432,0.8222491728074454,0.7407077544234651,0.7793514047062216,0.8413372177328992,0.7579028618928868,0.7974436024459463,84210.0,75859,0.900831255195345,0.24008676414651106,0.23008676414651102,0.9999999999999973
stage_1__cw0p01__ta0p9__sig0p15__spg16__pop48__dec0p9__th1,stage_1__cw0p01__ta0p9__sig0p15__spg16__pop48__dec0p9__th1__seed202,GridSearchOuts/history/stage_1__cw0p01__ta0p9__sig0p15__spg16__pop48__dec0p9__th1__seed202.csv,stage_1,validation,202,0.01,0.9,0.15,16,48,0.9,1.0,250,131,0.06889941444397438,0.07557828259247469,0.08048935705692195,0.0794055395043302,0.10838175525917598,0.6168178714271778,0.4505165657285358,0.520711521040441,0.6893636393197412,0.5035031468946681,0.5819539377963224,0.7267258478847592,0.5307920674504215,0.6134947431986117,84210.0,61506,0.7303883149269683,0.24008676414651106,0.23008676414651102,0.9999999999999973
stage_1__cw0p01__ta0p9__sig0p15__spg16__pop48__dec0p9__th1,stage_1__cw0p01__ta0p9__sig0p15__spg16__pop48__dec0p9__th1__seed303,GridSearchOuts/history/stage_1__cw0p01__ta0p9__sig0p15__spg16__pop48__dec0p9__th1__seed303.csv,stage_1,validation,303,0.01,0.9,0.15,16,48,0.9,1.0,250,127,0.062062734467543894,0.06996676498312838,0.0761508405171288,0.0753616047805563,0.07892357365725014,0.6592164591358356,0.5243201520009501,0.5840807471487511,0.7194451909582251,0.5722242014012587,0.6374447707485077,0.744737077846457,0.5923405771286071,0.6598539566627337,84210.0,66978,0.7953687210545066,0.24008676414651106,0.23008676414651102,0.9999999999999973
stage_1__cw0p01__ta0p9__sig0p15__spg16__pop48__dec0p9__th1,stage_1__cw0p01__ta0p9__sig0p15__spg16__pop48__dec0p9__th1__seed101,GridSearchOuts/history/stage_1__cw0p01__ta0p9__sig0p15__spg16__pop48__dec0p9__th1__seed101.csv,stage_1,validation,101,0.01,0.9,0.15,16,48,0.9,1.0,250,180,0.05929554701166992,0.07907241967291198,0.079335969130391,0.07909814722744402,0.02378219029470547,0.6113763195051436,0.5399002493765586,0.5734195175779349,0.6676796880252807,0.5896211851324071,0.6262273372216365,0.6915618906743763,0.6107113169457309,0.6486268327284943,84210.0,74365,0.8830898943118395,0.24008676414651106,0.23008676414651102,0.9999999999999973
stage_1__cw0p01__ta0p9__sig0p15__spg24__pop17__dec0p9__th1,stage_1__cw0p01__ta0p9__sig0p15__spg24__pop17__dec0p9__th1__seed101,GridSearchOuts/history/stage_1__cw0p01__ta0p9__sig0p15__spg24__pop17__dec0p9__th1__seed101.csv,stage_1,validation,101,0.01,0.9,0.15,24,17,0.9,1.0,250,184,0.05877925864457734,0.0627016694207755,0.06750832286779304,0.06678597452227257,0.07223483455205304,0.7104933013242469,0.5447452796579979,0.6166761888753279,0.7629365755440254,0.5849542809642561,0.6621945891441903,0.787950127778208,0.6041325258282865,0.6839052260119436,84210.0,64565,0.7667141669635436,0.24008676414651106,0.23008676414651102,0.9999999999999973
stage_1__cw0p01__ta0p9__sig0p15__spg16__pop48__dec0p9__th1,stage_1__cw0p01__ta0p9__sig0p15__spg16__pop48__dec0p9__th1__seed505,GridSearchOuts/history/stage_1__cw0p01__ta0p9__sig0p15__spg16__pop48__dec0p9__th1__seed505.csv,stage_1,validation,505,0.01,0.9,0.15,16,48,0.9,1.0,250,123,0.05934643161107147,0.07392112290187028,0.07596008152641605,0.0751103560119418,0.08497255144742107,0.6289136145881625,0.48327989549934686,0.546561912435716,0.7006181424818421,0.5383802398764992,0.6088772495294574,0.7326997372894453,0.5630328939555872,0.6367579908670885,84210.0,64710,0.7684360527253296,0.24008676414651106,0.23008676414651102,0.9999999999999973
stage_1__cw0p01__ta0p9__sig0p15__spg24__pop17__dec0p9__th1,stage_1__cw0p01__ta0p9__sig0p15__spg24__pop17__dec0p9__th1__seed303,GridSearchOuts/history/stage_1__cw0p01__ta0p9__sig0p15__spg24__pop17__dec0p9__th1__seed303.csv,stage_1,validation,303,0.01,0.9,0.15,24,17,0.9,1.0,250,156,0.05188255210670645,0.061567633119682094,0.062316917376574354,0.06177496902745332,0.054194834912102044,0.70864338031457,0.5767604797529985,0.6359363134045908,0.7686830663281683,0.6256264101650635,0.6898159059360804,0.7970468936940092,0.6487115544472153,0.7152695943640796,84210.0,68538,0.8138938368364802,0.24008676414651106,0.23008676414651102,0.9999999999999973
stage_1__cw0p01__ta0p9__sig0p15__spg24__pop17__dec0p9__th1,stage_1__cw0p01__ta0p9__sig0p15__spg24__pop17__dec0p9__th1__seed202,GridSearchOuts/history/stage_1__cw0p01__ta0p9__sig0p15__spg24__pop17__dec0p9__th1__seed202.csv,stage_1,validation,202,0.01,0.9,0.15,24,17,0.9,1.0,250,180,0.04496785591917826,0.055809102441775595,0.05631347784029935,0.05572079104968111,0.05926867906182478,0.8470509881667803,0.6494359339745873,0.7351956659088744,0.8824267393593953,0.6765586034912718,0.7658999556369184,0.897094355987857,0.6878042987768673,0.7786306747141766,84210.0,64564,0.7667022918893243,0.24008676414651106,0.23008676414651102,0.9999999999999973
stage_1__cw0p01__ta0p9__sig0p15__spg24__pop17__dec0p9__th1,stage_1__cw0p01__ta0p9__sig0p15__spg24__pop17__dec0p9__th1__seed404,GridSearchOuts/history/stage_1__cw0p01__ta0p9__sig0p15__spg24__pop17__dec0p9__th1__seed404.csv,stage_1,validation,404,0.01,0.9,0.15,24,17,0.9,1.0,250,117,0.059663946112364384,0.08519173086713534,0.0904285628231179,0.08931118858107771,0.1117374242040197,0.8399790231288088,0.5515971974824843,0.6659068590552096,0.8668692019747193,0.5692554328464553,0.6872244801405876,0.8765981301651025,0.5756442227763924,0.6949372441916525,84210.0,55299,0.6566797292483078,0.24008676414651106,0.23008676414651102,0.9999999999999973
stage_1__cw0p01__ta0p9__sig0p15__spg16__pop48__dec0p9__th1,stage_1__cw0p01__ta0p9__sig0p15__spg16__pop48__dec0p9__th1__seed404,GridSearchOuts/history/stage_1__cw0p01__ta0p9__sig0p15__spg16__pop48__dec0p9__th1__seed404.csv,stage_1,validation,404,0.01,0.9,0.15,16,48,0.9,1.0,250,211,0.04846826392195679,0.05621612026086972,0.057778030330721555,0.057647440700938454,0.013058962978313507,0.6827622684349037,0.6284883030518941,0.654502059037627,0.7395118427163424,0.6807267545422159,0.7089027119938617,0.7610686825945612,0.7005700035625223,0.7295672928281123,84210.0,77516,0.9205082531765824,0.24008676414651106,0.23008676414651102,0.9999999999999973
stage_1__cw0p01__ta0p9__sig0p15__spg24__pop17__dec0p9__th1,stage_1__cw0p01__ta0p9__sig0p15__spg24__pop17__dec0p9__th1__seed505,GridSearchOuts/history/stage_1__cw0p01__ta0p9__sig0p15__spg24__pop17__dec0p9__th1__seed505.csv,stage_1,validation,505,0.01,0.9,0.15,24,17,0.9,1.0,250,199,0.04382936387124755,0.054742118960131605,0.05590345181558342,0.05533228913510205,0.05711626804813998,0.7763890142285594,0.6129794561216008,0.6850745872480071,0.82689588785609,0.652855955349721,0.7296411318145518,0.848298889991878,0.6697541859636623,0.7485268354828641,84210.0,66486,0.7895261845386534,0.24008676414651106,0.23008676414651102,0.9999999999999973
stage_1__cw0p01__ta0p9__sig0p15__spg24__pop32__dec0p9__th1,stage_1__cw0p01__ta0p9__sig0p15__spg24__pop32__dec0p9__th1__seed505,GridSearchOuts/history/stage_1__cw0p01__ta0p9__sig0p15__spg24__pop32__dec0p9__th1__seed505.csv,stage_1,validation,505,0.01,0.9,0.15,24,32,0.9,1.0,250,118,0.05350750155523082,0.05816219596892531,0.06112682803332796,0.060634446114880156,0.049238191844784944,0.6824283450957799,0.5626528915805724,0.616779484508747,0.737980699985597,0.6084550528440803,0.6669877636027329,0.7639348984588794,0.6298539365871036,0.6904451965628995,84210.0,69430,0.824486403040019,0.24008676414651106,0.23008676414651102,0.9999999999999973
stage_1__cw0p01__ta0p9__sig0p15__spg24__pop32__dec0p9__th1,stage_1__cw0p01__ta0p9__sig0p15__spg24__pop32__dec0p9__th1__seed101,GridSearchOuts/history/stage_1__cw0p01__ta0p9__sig0p15__spg24__pop32__dec0p9__th1__seed101.csv,stage_1,validation,101,0.01,0.9,0.15,24,32,0.9,1.0,250,140,0.04710213801253981,0.055062839964837906,0.057742332433169494,0.05765631364610645,0.008601878706304373,0.7092926778676623,0.6497090606816293,0.6781946871934814,0.7593989836133582,0.6956062225388908,0.7261041488473187,0.7828899605890894,0.7171238570241064,0.7485651952940852,84210.0,77136,0.9159957249732811,0.24008676414651106,0.23008676414651102,0.9999999999999973
stage_1__cw0p01__ta0p9__sig0p15__spg24__pop32__dec0p9__th1,stage_1__cw0p01__ta0p9__sig0p15__spg24__pop32__dec0p9__th1__seed303,GridSearchOuts/history/stage_1__cw0p01__ta0p9__sig0p15__spg24__pop32__dec0p9__th1__seed303.csv,stage_1,validation,303,0.01,0.9,0.15,24,32,0.9,1.0,250,143,0.04870752710175488,0.0551560905037797,0.058299514333755395,0.05758922908115488,0.07102852526005249,0.7559602085492829,0.5802517515734473,0.6565533735979016,0.8110679641691292,0.6225507659422871,0.7044146002265874,0.8334854649813574,0.639757748485928,0.7238842569882287,84210.0,64637,0.7675691723073269,0.24008676414651106,0.23008676414651102,0.9999999999999973
stage_1__cw0p01__ta0p9__sig0p15__spg24__pop32__dec0p9__th1,stage_1__cw0p01__ta0p9__sig0p15__spg24__pop32__dec0p9__th1__seed202,GridSearchOuts/history/stage_1__cw0p01__ta0p9__sig0p15__spg24__pop32__dec0p9__th1__seed202.csv,stage_1,validation,202,0.01,0.9,0.15,24,32,0.9,1.0,250,156,0.05386362904773518,0.059134056579979194,0.06320045201688546,0.06280460426697843,0.0395847749907051,0.6950473010573177,0.593278707991925,0.6401435069506209,0.7432665553700613,0.6344377152357202,0.6845537830733708,0.7669449081803005,0.6546490915568223,0.7063617143950441,84210.0,71880,0.853580334877093,0.24008676414651106,0.23008676414651102,0.9999999999999973
stage_1__cw0p01__ta0p9__sig0p15__spg24__pop48__dec0p9__th1,stage_1__cw0p01__ta0p9__sig0p15__spg24__pop48__dec0p9__th1__seed101,GridSearchOuts/history/stage_1__cw0p01__ta0p9__sig0p15__spg24__pop48__dec0p9__th1__seed101.csv,stage_1,validation,101,0.01,0.9,0.15,24,48,0.9,1.0,250,112,0.05318646071012218,0.0634166047025367,0.06309582351341766,0.06263756489689798,0.045825861651966796,0.7220211034405343,0.6110556940980881,0.6619200144066865,0.774990177919964,0.6558840992756205,0.7104799392835179,0.7963742493124544,0.6739817123857024,0.7300839990218732,84210.0,71268,0.846312789454934,0.24008676414651106,0.23008676414651102,0.9999999999999973
stage_1__cw0p01__ta0p9__sig0p15__spg24__pop32__dec0p9__th1,stage_1__cw0p01__ta0p9__sig0p15__spg24__pop32__dec0p9__th1__seed404,GridSearchOuts/history/stage_1__cw0p01__ta0p9__sig0p15__spg24__pop32__dec0p9__th1__seed404.csv,stage_1,validation,404,0.01,0.9,0.15,24,32,0.9,1.0,250,177,0.03537624917175458,0.043740282775247045,0.04481693319925854,0.04462039886642874,0.01965343328297972,0.7923952039904507,0.7055337845861537,0.7464460484073691,0.8353272249563211,0.7437596484978031,0.7868885412931839,0.8515717734298937,0.7582234888968056,0.8021911061688978,84210.0,74979,0.8903811898824368,0.24008676414651106,0.23008676414651102,0.9999999999999973
stage_1__cw0p03__ta0p9__sig0p05__spg8__pop17__dec0p9__th1,stage_1__cw0p03__ta0p9__sig0p05__spg8__pop17__dec0p9__th1__seed101,GridSearchOuts/history/stage_1__cw0p03__ta0p9__sig0p05__spg8__pop17__dec0p9__th1__seed101.csv,stage_1,validation,101,0.03,0.9,0.05,8,17,0.9,1.0,250,212,0.04987707097492845,0.06089600427933896,0.06503688883333573,0.06424922829661542,0.026255351224010074,0.6843764009074484,0.5982543640897756,0.6384240573295493,0.7301563582519391,0.6382733642085263,0.6811301267871059,0.7514705283034246,0.6569053556584729,0.7010131603120042,84210.0,73613,0.8741598384989906,0.260086764146511,0.23008676414651102,0.9999999999999973
stage_1__cw0p03__ta0p9__sig0p05__spg8__pop17__dec0p9__th1,stage_1__cw0p03__ta0p9__sig0p05__spg8__pop17__dec0p9__th1__seed202,GridSearchOuts/history/stage_1__cw0p03__ta0p9__sig0p05__spg8__pop17__dec0p9__th1__seed202.csv,stage_1,validation,202,0.03,0.9,0.05,8,17,0.9,1.0,250,238,0.02649011906683835,0.04718938917583234,0.0485716204755114,0.04831761395008201,0.008466884180979921,0.7607168312799104,0.7097494359339745,0.7343498507164279,0.8037496181651563,0.7498990618691367,0.7758910909331649,0.8204739843193157,0.7655029093931837,0.7920357787902461,84210.0,78568,0.9330008312551954,0.260086764146511,0.23008676414651102,0.9999999999999973
stage_1__cw0p03__ta0p9__sig0p05__spg8__pop17__dec0p9__th1,stage_1__cw0p03__ta0p9__sig0p05__spg8__pop17__dec0p9__th1__seed404,GridSearchOuts/history/stage_1__cw0p03__ta0p9__sig0p05__spg8__pop17__dec0p9__th1__seed404.csv,stage_1,validation,404,0.03,0.9,0.05,8,17,0.9,1.0,250,174,0.04428779796500993,0.0649484222234004,0.06969890934083744,0.06945653152245818,0.008079260612642039,0.6636209147107357,0.6399477496734355,0.6515693766015217,0.6927320641331921,0.668020425127657,0.680151859553594,0.7069551510972095,0.681736135850849,0.6941166513512436,84210.0,81206,0.9643272770454815,0.260086764146511,0.23008676414651102,0.9999999999999973
stage_1__cw0p03__ta0p9__sig0p05__spg8__pop17__dec0p9__th1,stage_1__cw0p03__ta0p9__sig0p05__spg8__pop17__dec0p9__th1__seed303,GridSearchOuts/history/stage_1__cw0p03__ta0p9__sig0p05__spg8__pop17__dec0p9__th1__seed303.csv,stage_1,validation,303,0.03,0.9,0.05,8,17,0.9,1.0,250,250,0.03886133338583762,0.04808333006295077,0.04863916228957829,0.04728949451295032,0.04498892588759885,0.7931532700359734,0.6388552428452677,0.7076914981775928,0.835421949637318,0.6729010806317539,0.7454057538242075,0.8539246328949697,0.6878042987768673,0.761914784461285,84210.0,67828,0.8054625341408383,0.260086764146511,0.23008676414651102,0.9999999999999973
stage_1__cw0p03__ta0p9__sig0p05__spg8__pop17__dec0p9__th1,stage_1__cw0p03__ta0p9__sig0p05__spg8__pop17__dec0p9__th1__seed505,GridSearchOuts/history/stage_1__cw0p03__ta0p9__sig0p05__spg8__pop17__dec0p9__th1__seed505.csv,stage_1,validation,505,0.03,0.9,0.05,8,17,0.9,1.0,250,209,0.030329995240677393,0.053862107864924576,0.05400766450133141,0.05331347461661842,0.023139662823765974,0.754475912568008,0.6570597316233227,0.7024062660661363,0.8068232951988764,0.7026481415508847,0.7511409293729592,0.8281495016158283,0.7212207576297351,0.7709953220303885,84210.0,73337,0.8708823180144876,0.260086764146511,0.23008676414651102,0.9999999999999973
stage_1__cw0p03__ta0p9__sig0p05__spg8__pop32__dec0p9__th1,stage_1__cw0p03__ta0p9__sig0p05__spg8__pop32__dec0p9__th1__seed101,GridSearchOuts/history/stage_1__cw0p03__ta0p9__sig0p05__spg8__pop32__dec0p9__th1__seed101.csv,stage_1,validation,101,0.03,0.9,0.05,8,32,0.9,1.0,250,181,0.046741712188856754,0.058742895103637165,0.06235564194285056,0.06209958332355504,0.008535287309850613,0.634321223709369,0.5988124925780786,0.6160556118891073,0.6804996477810205,0.6424058900368127,0.6609043040567738,0.7035699909429405,0.6641847761548509,0.6833103246058068,84210.0,79496,0.9440209001306258,0.260086764146511,0.23008676414651102,0.9999999999999973
stage_1__cw0p01__ta0p9__sig0p15__spg24__pop48__dec0p9__th1,stage_1__cw0p01__ta0p9__sig0p15__spg24__pop48__dec0p9__th1__seed404,GridSearchOuts/history/stage_1__cw0p01__ta0p9__sig0p15__spg24__pop48__dec0p9__th1__seed404.csv,stage_1,validation,404,0.01,0.9,0.15,24,48,0.9,1.0,250,97,0.059143845104650095,0.06667902538960765,0.07171207361653195,0.07157871287643258,0.013336074009934563,0.6485727655591952,0.6089775561097257,0.6281518137661208,0.6989844313194804,0.6563116019475121,0.6769762186191637,0.7253411577230015,0.6810592566203538,0.7025030775538705,84210.0,79069,0.9389502434390214,0.24008676414651106,0.23008676414651102,0.9999999999999973
stage_1__cw0p03__ta0p9__sig0p05__spg8__pop32__dec0p9__th1,stage_1__cw0p03__ta0p9__sig0p05__spg8__pop32__dec0p9__th1__seed303,GridSearchOuts/history/stage_1__cw0p03__ta0p9__sig0p05__spg8__pop32__dec0p9__th1__seed303.csv,stage_1,validation,303,0.03,0.9,0.05,8,32,0.9,1.0,250,127,0.05570700102350033,0.0700719993500493,0.07464512111176302,0.07261223516184633,0.06776286499722366,0.685692404721146,0.5422515140719629,0.605594016073351,0.7412079166291258,0.5861536634603967,0.6546245457675236,0.7667657746944169,0.6063650397814986,0.6771968913286492,84210.0,66594,0.7908086925543285,0.260086764146511,0.23008676414651102,0.9999999999999973
stage_1__cw0p03__ta0p9__sig0p05__spg8__pop32__dec0p9__th1,stage_1__cw0p03__ta0p9__sig0p05__spg8__pop32__dec0p9__th1__seed202,GridSearchOuts/history/stage_1__cw0p03__ta0p9__sig0p05__spg8__pop32__dec0p9__th1__seed202.csv,stage_1,validation,202,0.03,0.9,0.05,8,32,0.9,1.0,250,170,0.04573517805014783,0.06498817365552863,0.06494907648202912,0.06418706777185751,0.02540029033905065,0.6868590702608601,0.5997149982187389,0.6403357508743819,0.7379566411881512,0.6443296520603253,0.6879723081599729,0.7630770067731143,0.6662629141432134,0.7113911852710952,84210.0,73526,0.873126707041919,0.260086764146511,0.23008676414651102,0.9999999999999973
stage_1__cw0p03__ta0p9__sig0p05__spg8__pop32__dec0p9__th1,stage_1__cw0p03__ta0p9__sig0p05__spg8__pop32__dec0p9__th1__seed404,GridSearchOuts/history/stage_1__cw0p03__ta0p9__sig0p05__spg8__pop32__dec0p9__th1__seed404.csv,stage_1,validation,404,0.03,0.9,0.05,8,32,0.9,1.0,250,174,0.04342322823191112,0.05912999513583864,0.061065872053357444,0.06002095585107475,0.03483054007608938,0.6983053127101547,0.6165419783873649,0.6548814328955664,0.7461466039004707,0.6587816173851087,0.6997477295655967,0.770719569603228,0.6804773779836124,0.7227926337028319,84210.0,74350,0.8829117681985512,0.260086764146511,0.23008676414651102,0.9999999999999973
stage_1__cw0p01__ta0p9__sig0p15__spg24__pop48__dec0p9__th1,stage_1__cw0p01__ta0p9__sig0p15__spg24__pop48__dec0p9__th1__seed202,GridSearchOuts/history/stage_1__cw0p01__ta0p9__sig0p15__spg24__pop48__dec0p9__th1__seed202.csv,stage_1,validation,202,0.01,0.9,0.15,24,48,0.9,1.0,250,157,0.05404104078394825,0.06100757163967766,0.0641198184952155,0.06355005110903532,0.0569767386180244,0.694738212699469,0.5702529390808693,0.6263704012882201,0.7479926505692915,0.6139650872817956,0.6743841754108697,0.7735565168328005,0.6349483434271465,0.6974323522309518,84210.0,69121,0.8208170051062819,0.24008676414651106,0.23008676414651102,0.9999999999999973
stage_1__cw0p03__ta0p9__sig0p05__spg8__pop32__dec0p9__th1,stage_1__cw0p03__ta0p9__sig0p05__spg8__pop32__dec0p9__th1__seed505,GridSearchOuts/history/stage_1__cw0p03__ta0p9__sig0p05__spg8__pop32__dec0p9__th1__seed505.csv,stage_1,validation,505,0.03,0.9,0.05,8,32,0.9,1.0,250,155,0.043464593009106274,0.06302267052150849,0.06374321181550174,0.062357962103830655,0.04617499038903558,0.6932417791160703,0.5850611566322289,0.6345738960189266,0.7506648468389875,0.6335233345208408,0.6871373463245056,0.7755983621550887,0.6545659660372878,0.7099607802724317,84210.0,71069,0.8439496496853105,0.260086764146511,0.23008676414651102,0.9999999999999973
stage_1__cw0p03__ta0p9__sig0p05__spg8__pop48__dec0p9__th1,stage_1__cw0p03__ta0p9__sig0p05__spg8__pop48__dec0p9__th1__seed101,GridSearchOuts/history/stage_1__cw0p03__ta0p9__sig0p05__spg8__pop48__dec0p9__th1__seed101.csv,stage_1,validation,101,0.03,0.9,0.05,8,48,0.9,1.0,250,138,0.05030169690501725,0.0651664476761157,0.06556620487987566,0.0648442441479398,0.024065357731194358,0.6428425455387675,0.5603135019593872,0.5987475334525412,0.6940694014904836,0.6049637810236314,0.6464605447653469,0.7188790038011417,0.6265882911768198,0.6695683622123201,84210.0,73399,0.8716185726160789,0.260086764146511,0.23008676414651102,0.9999999999999973
stage_1__cw0p03__ta0p9__sig0p05__spg8__pop48__dec0p9__th1,stage_1__cw0p03__ta0p9__sig0p05__spg8__pop48__dec0p9__th1__seed303,GridSearchOuts/history/stage_1__cw0p03__ta0p9__sig0p05__spg8__pop48__dec0p9__th1__seed303.csv,stage_1,validation,303,0.03,0.9,0.05,8,48,0.9,1.0,250,164,0.0368081173690278,0.054036912928749584,0.05440400742194722,0.05408981717720808,0.010473008157971024,0.7245535714285715,0.6552903455646598,0.6881835754811998,0.7752626050420168,0.7011518821992637,0.736347197106192,0.7986475840336135,0.7223013893836836,0.7585583338524662,84210.0,76160,0.9044056525353283,0.260086764146511,0.23008676414651102,0.9999999999999973
stage_1__cw0p03__ta0p9__sig0p05__spg8__pop48__dec0p9__th1,stage_1__cw0p03__ta0p9__sig0p05__spg8__pop48__dec0p9__th1__seed202,GridSearchOuts/history/stage_1__cw0p03__ta0p9__sig0p05__spg8__pop48__dec0p9__th1__seed202.csv,stage_1,validation,202,0.03,0.9,0.05,8,48,0.9,1.0,250,170,0.056379600015003334,0.06856991448861821,0.07479550876997884,0.07350454388383054,0.04303216287160939,0.6779260113939569,0.5581759885999288,0.6122504803147217,0.7266892622773491,0.5983256145350908,0.6562896870619294,0.7483377803418187,0.6161501009381308,0.6758409586761142,84210.0,69335,0.8233582709891937,0.260086764146511,0.23008676414651102,0.9999999999999973
stage_1__cw0p03__ta0p9__sig0p05__spg8__pop48__dec0p9__th1,stage_1__cw0p03__ta0p9__sig0p05__spg8__pop48__dec0p9__th1__seed505,GridSearchOuts/history/stage_1__cw0p03__ta0p9__sig0p05__spg8__pop48__dec0p9__th1__seed505.csv,stage_1,validation,505,0.03,0.9,0.05,8,48,0.9,1.0,250,123,0.048645278907761894,0.07056193596876369,0.07237962820130589,0.07169810258103251,0.022717520675780332,0.7016764540040983,0.6058781617385108,0.650267965817133,0.7445986274806431,0.6429402683766774,0.6900454362962851,0.7650076327479268,0.6605628785179908,0.7089591710579198,84210.0,72713,0.8634722717016982,0.260086764146511,0.23008676414651102,0.9999999999999973
stage_1__cw0p01__ta0p9__sig0p15__spg24__pop48__dec0p9__th1,stage_1__cw0p01__ta0p9__sig0p15__spg24__pop48__dec0p9__th1__seed303,GridSearchOuts/history/stage_1__cw0p01__ta0p9__sig0p15__spg24__pop48__dec0p9__th1__seed303.csv,stage_1,validation,303,0.01,0.9,0.15,24,48,0.9,1.0,250,187,0.05274659801173137,0.06141570276278947,0.06367131196861464,0.06320399210346637,0.046731986514821876,0.7096998796037076,0.5809998812492578,0.6389333263679434,0.7581920248335485,0.6206982543640898,0.6825901572972999,0.7814734765517342,0.639757748485928,0.7035501374473498,84210.0,68939,0.818655741598385,0.24008676414651106,0.23008676414651102,0.9999999999999973
stage_1__cw0p03__ta0p9__sig0p05__spg8__pop48__dec0p9__th1,stage_1__cw0p03__ta0p9__sig0p05__spg8__pop48__dec0p9__th1__seed404,GridSearchOuts/history/stage_1__cw0p03__ta0p9__sig0p05__spg8__pop48__dec0p9__th1__seed404.csv,stage_1,validation,404,0.03,0.9,0.05,8,48,0.9,1.0,250,174,0.057013586087039186,0.06629334166921708,0.07007922484340005,0.06930924483964225,0.02566600012526128,0.6227120542984067,0.567628547678423,0.5938957948942336,0.6844100519795209,0.6238688991806198,0.6527386920620464,0.7117676945323798,0.648806555040969,0.6788303483231121,84210.0,76761,0.9115425721410759,0.260086764146511,0.23008676414651102,0.9999999999999973
stage_1__cw0p01__ta0p9__sig0p15__spg24__pop48__dec0p9__th1,stage_1__cw0p01__ta0p9__sig0p15__spg24__pop48__dec0p9__th1__seed505,GridSearchOuts/history/stage_1__cw0p01__ta0p9__sig0p15__spg24__pop48__dec0p9__th1__seed505.csv,stage_1,validation,505,0.01,0.9,0.15,24,48,0.9,1.0,250,169,0.050359106514572316,0.055930987880699695,0.05834468553780387,0.058139304193148604,0.02053813446552322,0.6741168846626903,0.6052962831017694,0.6378556277877422,0.7296232129395739,0.65513596959981,0.6903762287025041,0.7524367502942616,0.6756204726279539,0.7119626086353047,84210.0,75613,0.8979099869374184,0.24008676414651106,0.23008676414651102,0.9999999999999973
stage_1__cw0p03__ta0p9__sig0p05__spg16__pop17__dec0p9__th1,stage_1__cw0p03__ta0p9__sig0p05__spg16__pop17__dec0p9__th1__seed101,GridSearchOuts/history/stage_1__cw0p03__ta0p9__sig0p05__spg16__pop17__dec0p9__th1__seed101.csv,stage_1,validation,101,0.03,0.9,0.05,16,17,0.9,1.0,250,197,0.04407373965525475,0.05373941447902121,0.05625718844053468,0.05462678525036046,0.054346773005807626,0.7630131126746021,0.6142975893599335,0.6806265500925937,0.8099768426331548,0.6521078256739105,0.7225193576606662,0.8318952166025045,0.6697541859636623,0.7420710888309413,84210.0,67797,0.8050944068400427,0.260086764146511,0.23008676414651102,0.9999999999999973
stage_1__cw0p03__ta0p9__sig0p05__spg16__pop17__dec0p9__th1,stage_1__cw0p03__ta0p9__sig0p05__spg16__pop17__dec0p9__th1__seed202,GridSearchOuts/history/stage_1__cw0p03__ta0p9__sig0p05__spg16__pop17__dec0p9__th1__seed202.csv,stage_1,validation,202,0.03,0.9,0.05,16,17,0.9,1.0,250,250,0.04082274624011753,0.05198505594998283,0.05389864055837383,0.053685393791306504,0.007108225568910355,0.6754612406043581,0.6338795867474172,0.6540101448204959,0.7162832485511098,0.6721885761786012,0.6935357396647704,0.7387568648292967,0.6932787079919249,0.7152956455678801,84210.0,79026,0.9384396152475953,0.260086764146511,0.23008676414651102,0.9999999999999973
stage_1__cw0p03__ta0p9__sig0p05__spg16__pop17__dec0p9__th1,stage_1__cw0p03__ta0p9__sig0p05__spg16__pop17__dec0p9__th1__seed404,GridSearchOuts/history/stage_1__cw0p03__ta0p9__sig0p05__spg16__pop17__dec0p9__th1__seed404.csv,stage_1,validation,404,0.03,0.9,0.05,16,17,0.9,1.0,250,230,0.053610694729372445,0.05649688961095979,0.06149391841790564,0.05940576423420919,0.06960513945654764,0.8135428703489715,0.62703954399715,0.7082184890851134,0.8459748863723904,0.6520365752285951,0.7364517318842952,0.859594792388876,0.6625341408383802,0.7483083526132629,84210.0,64905,0.7707516921980763,0.260086764146511,0.23008676414651102,0.9999999999999973
stage_1__cw0p03__ta0p9__sig0p05__spg16__pop17__dec0p9__th1,stage_1__cw0p03__ta0p9__sig0p05__spg16__pop17__dec0p9__th1__seed505,GridSearchOuts/history/stage_1__cw0p03__ta0p9__sig0p05__spg16__pop17__dec0p9__th1__seed505.csv,stage_1,validation,505,0.03,0.9,0.05,16,17,0.9,1.0,250,206,0.039277206239853264,0.051042252158256536,0.05119301850557832,0.051031747717087766,0.005375692949685271,0.7410745148387734,0.7128607053794086,0.7266938637156501,0.7867636166115254,0.7568103550647192,0.7714963622932525,0.8037998123549455,0.7731979574872343,0.7882019683556927,84210.0,81004,0.9619285120532003,0.260086764146511,0.23008676414651102,0.9999999999999973
stage_1__cw0p03__ta0p9__sig0p05__spg16__pop17__dec0p9__th1,stage_1__cw0p03__ta0p9__sig0p05__spg16__pop17__dec0p9__th1__seed303,GridSearchOuts/history/stage_1__cw0p03__ta0p9__sig0p05__spg16__pop17__dec0p9__th1__seed303.csv,stage_1,validation,303,0.03,0.9,0.05,16,17,0.9,1.0,250,250,0.042708068559578115,0.05108009974450227,0.05325976917228938,0.052255666039766675,0.03347010441742298,0.7664345731648233,0.6574991093694336,0.7077998862258612,0.8125025954790216,0.6970193563709773,0.7503435580464314,0.8306917124624521,0.7126232038950243,0.7671411496246251,84210.0,72241,0.8578672366702292,0.260086764146511,0.23008676414651102,0.9999999999999973
stage_1__cw0p03__ta0p9__sig0p05__spg16__pop32__dec0p9__th1,stage_1__cw0p03__ta0p9__sig0p05__spg16__pop32__dec0p9__th1__seed303,GridSearchOuts/history/stage_1__cw0p03__ta0p9__sig0p05__spg16__pop32__dec0p9__th1__seed303.csv,stage_1,validation,303,0.03,0.9,0.05,16,32,0.9,1.0,250,127,0.06089446572136462,0.07144093832468765,0.0746169867428167,0.07392813455088429,0.022961739731077735,0.652392811469341,0.5755017218857618,0.6115397962075841,0.7031836844585044,0.6203063769148557,0.6591501309184583,0.7265666016019385,0.6409333808336302,0.6810688034317869,84210.0,74285,0.8821398883743024,0.260086764146511,0.23008676414651102,0.9999999999999973
stage_1__cw0p03__ta0p9__sig0p05__spg16__pop32__dec0p9__th1,stage_1__cw0p03__ta0p9__sig0p05__spg16__pop32__dec0p9__th1__seed101,GridSearchOuts/history/stage_1__cw0p03__ta0p9__sig0p05__spg16__pop32__dec0p9__th1__seed101.csv,stage_1,validation,101,0.03,0.9,0.05,16,32,0.9,1.0,250,163,0.04498741542212924,0.0542052474678678,0.05866424819353384,0.057492575267166945,0.03905576421222808,0.7387327312526275,0.6051537822111388,0.6653045504685211,0.7901656929968253,0.6472865455409096,0.711625204806513,0.8107504747546497,0.6641491509321933,0.7301639108831615,84210.0,68983,0.8191782448640303,0.260086764146511,0.23008676414651102,0.9999999999999973
stage_1__cw0p03__ta0p9__sig0p05__spg16__pop32__dec0p9__th1,stage_1__cw0p03__ta0p9__sig0p05__spg16__pop32__dec0p9__th1__seed202,GridSearchOuts/history/stage_1__cw0p03__ta0p9__sig0p05__spg16__pop32__dec0p9__th1__seed202.csv,stage_1,validation,202,0.03,0.9,0.05,16,32,0.9,1.0,250,170,0.0637439510007679,0.06697965190958644,0.07365447006541989,0.07160837110914468,0.06820329854250766,0.6694919034661194,0.5346633416458852,0.5945292847658817,0.7230078363147017,0.577401733760836,0.642053069766641,0.751765772999658,0.6003681273007956,0.667590997021842,84210.0,67251,0.798610616316352,0.260086764146511,0.23008676414651102,0.9999999999999973
stage_1__cw0p03__ta0p9__sig0p05__spg16__pop32__dec0p9__th1,stage_1__cw0p03__ta0p9__sig0p05__spg16__pop32__dec0p9__th1__seed404,GridSearchOuts/history/stage_1__cw0p03__ta0p9__sig0p05__spg16__pop32__dec0p9__th1__seed404.csv,stage_1,validation,404,0.03,0.9,0.05,16,32,0.9,1.0,250,157,0.05277093236214669,0.0631958724598862,0.06471195243406919,0.06336091693153813,0.045034516751034356,0.6836102467214936,0.5843605272532953,0.630101028208013,0.7332462769504334,0.6267901674385465,0.6758518252936885,0.7552233829739943,0.6455765348533429,0.6961086853523335,84210.0,71984,0.8548153425958912,0.260086764146511,0.23008676414651102,0.9999999999999973
stage_1__cw0p03__ta0p9__sig0p05__spg16__pop32__dec0p9__th1,stage_1__cw0p03__ta0p9__sig0p05__spg16__pop32__dec0p9__th1__seed505,GridSearchOuts/history/stage_1__cw0p03__ta0p9__sig0p05__spg16__pop32__dec0p9__th1__seed505.csv,stage_1,validation,505,0.03,0.9,0.05,16,32,0.9,1.0,250,156,0.06426366003733376,0.07026781746397602,0.07564093199775561,0.07419692171682814,0.04813367603091503,0.6506553795740033,0.5658947868424178,0.6053223245469778,0.7002048061168761,0.6089894311839449,0.6514194982529161,0.7249044238121245,0.6304714404465028,0.6743982216571716,84210.0,73240,0.8697304358152238,0.260086764146511,0.23008676414651102,0.9999999999999973
stage_1__cw0p03__ta0p9__sig0p05__spg16__pop48__dec0p9__th1,stage_1__cw0p03__ta0p9__sig0p05__spg16__pop48__dec0p9__th1__seed303,GridSearchOuts/history/stage_1__cw0p03__ta0p9__sig0p05__spg16__pop48__dec0p9__th1__seed303.csv,stage_1,validation,303,0.03,0.9,0.05,16,48,0.9,1.0,250,127,0.05132960230147572,0.062200666593993724,0.06460373214446626,0.06402070128161581,0.019434362095015083,0.6687733930814759,0.6132050825317659,0.6397849129301242,0.722637379715851,0.6625935162094763,0.6913141250002752,0.7475036587103208,0.685393658710367,0.7151025566364113,84210.0,77213,0.9169101056881606,0.260086764146511,0.23008676414651102,0.9999999999999973
stage_1__cw0p03__ta0p9__sig0p05__spg16__pop48__dec0p9__th1,stage_1__cw0p03__ta0p9__sig0p05__spg16__pop48__dec0p9__th1__seed505,GridSearchOuts/history/stage_1__cw0p03__ta0p9__sig0p05__spg16__pop48__dec0p9__th1__seed505.csv,stage_1,validation,505,0.03,0.9,0.05,16,48,0.9,1.0,250,117,0.05584872939732742,0.06654954749153776,0.0688563659152993,0.06786555806174493,0.033026928451813035,0.700152207001522,0.6063412896330602,0.6498787682081357,0.7453618001563207,0.6454934093338084,0.6918421504796569,0.7681654256996723,0.665241657760361,0.7130083939487315,84210.0,72927,0.8660135375846099,0.260086764146511,0.23008676414651102,0.9999999999999973
stage_1__cw0p03__ta0p9__sig0p05__spg16__pop48__dec0p9__th1,stage_1__cw0p03__ta0p9__sig0p05__spg16__pop48__dec0p9__th1__seed202,GridSearchOuts/history/stage_1__cw0p03__ta0p9__sig0p05__spg16__pop48__dec0p9__th1__seed202.csv,stage_1,validation,202,0.03,0.9,0.05,16,48,0.9,1.0,250,164,0.04944304619269464,0.0563498952194475,0.06032418198838502,0.0592756535723824,0.03495094720008688,0.7086504797947584,0.5937062106638167,0.6461059310803318,0.7653328797607405,0.6411946324664529,0.6977856178231158,0.7879973352610169,0.6601828761429759,0.7184497386287452,84210.0,70551,0.8377983612397577,0.260086764146511,0.23008676414651102,0.9999999999999973
stage_1__cw0p03__ta0p9__sig0p05__spg16__pop48__dec0p9__th1,stage_1__cw0p03__ta0p9__sig0p05__spg16__pop48__dec0p9__th1__seed404,GridSearchOuts/history/stage_1__cw0p03__ta0p9__sig0p05__spg16__pop48__dec0p9__th1__seed404.csv,stage_1,validation,404,0.03,0.9,0.05,16,48,0.9,1.0,250,137,0.05454316331099337,0.06455024196178101,0.06678053405979316,0.06380122840949731,0.09931018834319565,0.752512420500704,0.552190951193445,0.6369732128786992,0.8103992361594355,0.594668091675573,0.6859722060500724,0.8353049698185878,0.6129438308989431,0.7070539646440738,84210.0,61793,0.7337964612278827,0.260086764146511,0.23008676414651102,0.9999999999999973
stage_1__cw0p03__ta0p9__sig0p05__spg24__pop17__dec0p9__th1,stage_1__cw0p03__ta0p9__sig0p05__spg24__pop17__dec0p9__th1__seed101,GridSearchOuts/history/stage_1__cw0p03__ta0p9__sig0p05__spg24__pop17__dec0p9__th1__seed101.csv,stage_1,validation,101,0.03,0.9,0.05,24,17,0.9,1.0,250,235,0.04656125342221499,0.05738239739163847,0.059705732587406066,0.05953819436026676,0.005584607571311454,0.6749421495741224,0.6511696948105926,0.6628428445363501,0.7346142484368077,0.7087400546253414,0.7214452355332438,0.7599945842154497,0.7332264576653604,0.7463705924300247,84210.0,81244,0.9647785298658117,0.260086764146511,0.23008676414651102,0.9999999999999973
stage_1__cw0p03__ta0p9__sig0p05__spg24__pop17__dec0p9__th1,stage_1__cw0p03__ta0p9__sig0p05__spg24__pop17__dec0p9__th1__seed303,GridSearchOuts/history/stage_1__cw0p03__ta0p9__sig0p05__spg24__pop17__dec0p9__th1__seed303.csv,stage_1,validation,303,0.03,0.9,0.05,24,17,0.9,1.0,250,154,0.053799472403692476,0.060377294711053985,0.06503893896762558,0.06336524241826828,0.0557898849785755,0.7335605570899688,0.592946205913787,0.655800575263168,0.7798671916318975,0.630376439852749,0.6971985447663136,0.7989216665687254,0.6457784111150695,0.7142331787909265,84210.0,68068,0.8083125519534498,0.260086764146511,0.23008676414651102,0.9999999999999973
stage_1__cw0p03__ta0p9__sig0p05__spg16__pop48__dec0p9__th1,stage_1__cw0p03__ta0p9__sig0p05__spg16__pop48__dec0p9__th1__seed101,GridSearchOuts/history/stage_1__cw0p03__ta0p9__sig0p05__spg16__pop48__dec0p9__th1__seed101.csv,stage_1,validation,101,0.03,0.9,0.05,16,48,0.9,1.0,250,197,0.042846378506169215,0.056741454789902654,0.05814394780629766,0.05725031489417856,0.029787763737301548,0.7195242136384791,0.6242370264814155,0.6685021746313412,0.7776013578252895,0.6746229663935399,0.7224610219492953,0.8023898820115525,0.6961287258045363,0.7454917720065224,84210.0,73058,0.8675691723073269,0.260086764146511,0.23008676414651102,0.9999999999999973
stage_1__cw0p03__ta0p9__sig0p05__spg24__pop17__dec0p9__th1,stage_1__cw0p03__ta0p9__sig0p05__spg24__pop17__dec0p9__th1__seed202,GridSearchOuts/history/stage_1__cw0p03__ta0p9__sig0p05__spg24__pop17__dec0p9__th1__seed202.csv,stage_1,validation,202,0.03,0.9,0.05,24,17,0.9,1.0,250,250,0.035508045547861807,0.050956447832788805,0.05133860511092096,0.05121362204596238,0.004166102165286413,0.7019622362088116,0.6754542215888849,0.6884531590408945,0.7609280513390102,0.7321933262082888,0.7462841926889215,0.7887695915093176,0.7589834936468353,0.7735899297985802,84210.0,81030,0.9622372639828999,0.260086764146511,0.23008676414651102,0.9999999999999973
stage_1__cw0p03__ta0p9__sig0p05__spg24__pop17__dec0p9__th1,stage_1__cw0p03__ta0p9__sig0p05__spg24__pop17__dec0p9__th1__seed505,GridSearchOuts/history/stage_1__cw0p03__ta0p9__sig0p05__spg24__pop17__dec0p9__th1__seed505.csv,stage_1,validation,505,0.03,0.9,0.05,24,17,0.9,1.0,250,185,0.04430120970330279,0.053892704774361644,0.05475484088405252,0.05330572537195018,0.04830385040341145,0.7370034151609796,0.599667497921862,0.6612801843795796,0.8021687731690943,0.652689704310652,0.7197501440464384,0.829358708660498,0.6748129675810474,0.7441464564449508,84210.0,68518,0.8136563353520959,0.260086764146511,0.23008676414651102,0.9999999999999973
stage_1__cw0p03__ta0p9__sig0p05__spg24__pop17__dec0p9__th1,stage_1__cw0p03__ta0p9__sig0p05__spg24__pop17__dec0p9__th1__seed404,GridSearchOuts/history/stage_1__cw0p03__ta0p9__sig0p05__spg24__pop17__dec0p9__th1__seed404.csv,stage_1,validation,404,0.03,0.9,0.05,24,17,0.9,1.0,250,250,0.04039555701722541,0.04934724855599367,0.050129316088174114,0.04999549785409081,0.004460607802775288,0.7239255702280912,0.716102600641254,0.7199928362480822,0.7703001200480192,0.7619760123500772,0.7661154557931839,0.7910924369747899,0.7825436408977556,0.7867948182193079,84210.0,83300,0.9891936824605154,0.260086764146511,0.23008676414651102,0.9999999999999973
stage_1__cw0p03__ta0p9__sig0p05__spg24__pop32__dec0p9__th1,stage_1__cw0p03__ta0p9__sig0p05__spg24__pop32__dec0p9__th1__seed303,GridSearchOuts/history/stage_1__cw0p03__ta0p9__sig0p05__spg24__pop32__dec0p9__th1__seed303.csv,stage_1,validation,303,0.03,0.9,0.05,24,32,0.9,1.0,250,135,0.04872675005393624,0.057005819904551155,0.05786595701999282,0.057327541812382476,0.01794717358701075,0.6865962505359161,0.6275739223370146,0.655759673906475,0.7461901235530265,0.6820448877805486,0.7126770525056896,0.7715243403359707,0.7052012825080157,0.7368734528258267,84210.0,76971,0.9140363377271108,0.260086764146511,0.23008676414651102,0.9999999999999973
stage_1__cw0p03__ta0p9__sig0p05__spg24__pop32__dec0p9__th1,stage_1__cw0p03__ta0p9__sig0p05__spg24__pop32__dec0p9__th1__seed101,GridSearchOuts/history/stage_1__cw0p03__ta0p9__sig0p05__spg24__pop32__dec0p9__th1__seed101.csv,stage_1,validation,101,0.03,0.9,0.05,24,32,0.9,1.0,250,162,0.048343656622693,0.05483736123820467,0.05781527980236548,0.05619976734425709,0.05385041527027965,0.7496417249316021,0.6149625935162095,0.6756561050545962,0.8078053299749569,0.6626766417290108,0.7280792740599519,0.831574528452107,0.6821755135969599,0.749502580059652,84210.0,69081,0.8203420021375134,0.260086764146511,0.23008676414651102,0.9999999999999973
stage_1__cw0p03__ta0p9__sig0p05__spg24__pop32__dec0p9__th1,stage_1__cw0p03__ta0p9__sig0p05__spg24__pop32__dec0p9__th1__seed404,GridSearchOuts/history/stage_1__cw0p03__ta0p9__sig0p05__spg24__pop32__dec0p9__th1__seed404.csv,stage_1,validation,404,0.03,0.9,0.05,24,32,0.9,1.0,250,177,0.061314905348244096,0.06592367708180474,0.07012596518737448,0.06924711263405246,0.029295085110734018,0.6847147545562461,0.5822230138938368,0.6293232358882174,0.7184693806298443,0.6109250682816768,0.6603472066227425,0.7336359192793799,0.623821398883743,0.6742868144910477,84210.0,71605,0.8503146894668092,0.260086764146511,0.23008676414651102,0.9999999999999973
stage_1__cw0p03__ta0p9__sig0p05__spg24__pop32__dec0p9__th1,stage_1__cw0p03__ta0p9__sig0p05__spg24__pop32__dec0p9__th1__seed202,GridSearchOuts/history/stage_1__cw0p03__ta0p9__sig0p05__spg24__pop32__dec0p9__th1__seed202.csv,stage_1,validation,202,0.03,0.9,0.05,24,32,0.9,1.0,250,197,0.04315382124973489,0.04889172711867651,0.05053025267126082,0.04960129666075344,0.03096520035024697,0.786853746198507,0.6759410996318727,0.7271925902262675,0.8311169477467515,0.7139650872817955,0.7680996486740478,0.8477052806192977,0.7282151763448521,0.7834302139886435,84210.0,72340,0.8590428690179314,0.260086764146511,0.23008676414651102,0.9999999999999973
stage_1__cw0p03__ta0p9__sig0p05__spg24__pop32__dec0p9__th1,stage_1__cw0p03__ta0p9__sig0p05__spg24__pop32__dec0p9__th1__seed505,GridSearchOuts/history/stage_1__cw0p03__ta0p9__sig0p05__spg24__pop32__dec0p9__th1__seed505.csv,stage_1,validation,505,0.03,0.9,0.05,24,32,0.9,1.0,250,185,0.051883685015345966,0.057703078696891966,0.05897904060379362,0.0587735211726318,0.006850647705394111,0.7054430758490001,0.6719510746942169,0.6882898882139727,0.7444272677404877,0.7090844317776986,0.726326160732249,0.7614322046576573,0.7252820330127063,0.7429176144306592,84210.0,80212,0.9525234532715829,0.260086764146511,0.23008676414651102,0.9999999999999973
stage_1__cw0p03__ta0p9__sig0p1__spg8__pop17__dec0p9__th1,stage_1__cw0p03__ta0p9__sig0p1__spg8__pop17__dec0p9__th1__seed101,GridSearchOuts/history/stage_1__cw0p03__ta0p9__sig0p1__spg8__pop17__dec0p9__th1__seed101.csv,stage_1,validation,101,0.03,0.9,0.1,8,17,0.9,1.0,250,181,0.03957738850127126,0.061238820925495055,0.05978149799990483,0.05916204968347081,0.020648277214467412,0.7117152926835731,0.6378814867592922,0.6727787380070664,0.7690065453003684,0.689229307683173,0.7269356980030586,0.7911333704322018,0.7090606816292602,0.7478520077147391,84210.0,75474,0.8962593516209476,0.260086764146511,0.23008676414651102,0.9999999999999973
stage_1__cw0p03__ta0p9__sig0p1__spg8__pop17__dec0p9__th1,stage_1__cw0p03__ta0p9__sig0p1__spg8__pop17__dec0p9__th1__seed202,GridSearchOuts/history/stage_1__cw0p03__ta0p9__sig0p1__spg8__pop17__dec0p9__th1__seed202.csv,stage_1,validation,202,0.03,0.9,0.1,8,17,0.9,1.0,250,170,0.043287821952644356,0.05860463325864886,0.06174708682002969,0.06128681908561661,0.015342257813768814,0.6653278721119815,0.5960456002850018,0.6287840351762307,0.7156320833499026,0.6411115069469184,0.6763252344170748,0.7416789279039249,0.6644460277876737,0.7009414284903973,84210.0,75441,0.8958674741717135,0.260086764146511,0.23008676414651102,0.9999999999999973
stage_1__cw0p03__ta0p9__sig0p1__spg8__pop17__dec0p9__th1,stage_1__cw0p03__ta0p9__sig0p1__spg8__pop17__dec0p9__th1__seed303,GridSearchOuts/history/stage_1__cw0p03__ta0p9__sig0p1__spg8__pop17__dec0p9__th1__seed303.csv,stage_1,validation,303,0.03,0.9,0.1,8,17,0.9,1.0,250,179,0.04118977916530585,0.05647633144055011,0.056557351359120996,0.055904274473472786,0.021769229521607297,0.7030299739357081,0.6149863436646479,0.6560674968640904,0.754710577758471,0.6601947512171951,0.7042958308519542,0.7757249131190269,0.6785773661085381,0.7239064063742061,84210.0,73664,0.8747654672841705,0.260086764146511,0.23008676414651102,0.9999999999999973
stage_1__cw0p03__ta0p9__sig0p1__spg8__pop17__dec0p9__th1,stage_1__cw0p03__ta0p9__sig0p1__spg8__pop17__dec0p9__th1__seed404,GridSearchOuts/history/stage_1__cw0p03__ta0p9__sig0p1__spg8__pop17__dec0p9__th1__seed404.csv,stage_1,validation,404,0.03,0.9,0.1,8,17,0.9,1.0,250,174,0.03395519417659324,0.05435315571389644,0.054529946384387615,0.0541337738372817,0.013205751570197188,0.7090575102444538,0.6554803467521672,0.6812171026238859,0.7649363495060825,0.7071369196057475,0.7349019172261555,0.7890477475047208,0.729426433915212,0.7580666061936177,84210.0,77847,0.9244389027431421,0.260086764146511,0.23008676414651102,0.9999999999999973
stage_1__cw0p03__ta0p9__sig0p1__spg8__pop17__dec0p9__th1,stage_1__cw0p03__ta0p9__sig0p1__spg8__pop17__dec0p9__th1__seed505,GridSearchOuts/history/stage_1__cw0p03__ta0p9__sig0p1__spg8__pop17__dec0p9__th1__seed505.csv,stage_1,validation,505,0.03,0.9,0.1,8,17,0.9,1.0,250,192,0.039526119649542654,0.06230516712545748,0.062380022459698425,0.06098255695757369,0.04658218340415883,0.7600471780534684,0.6198432490203064,0.6828224951920014,0.8044294950200943,0.6560384752404702,0.7226953416265998,0.8232424718970237,0.6713810711316945,0.7395968237766986,84210.0,68676,0.8155325970787317,0.260086764146511,0.23008676414651102,0.9999999999999973
stage_1__cw0p03__ta0p9__sig0p1__spg8__pop32__dec0p9__th1,stage_1__cw0p03__ta0p9__sig0p1__spg8__pop32__dec0p9__th1__seed101,GridSearchOuts/history/stage_1__cw0p03__ta0p9__sig0p1__spg8__pop32__dec0p9__th1__seed101.csv,stage_1,validation,101,0.03,0.9,0.1,8,32,0.9,1.0,250,138,0.05181294341865523,0.06736208817575272,0.06749424850235895,0.06670422026705791,0.026334274510033326,0.69599099849975,0.5949768436052726,0.6415319018164277,0.7465549813857865,0.638202113763211,0.6881394127960816,0.7732816580541201,0.6610497565609785,0.712774811456756,84210.0,71988,0.854862842892768,0.260086764146511,0.23008676414651102,0.9999999999999973
stage_1__cw0p03__ta0p9__sig0p1__spg8__pop32__dec0p9__th1,stage_1__cw0p03__ta0p9__sig0p1__spg8__pop32__dec0p9__th1__seed202,GridSearchOuts/history/stage_1__cw0p03__ta0p9__sig0p1__spg8__pop32__dec0p9__th1__seed202.csv,stage_1,validation,202,0.03,0.9,0.1,8,32,0.9,1.0,250,119,0.04435285891226928,0.05564288846987667,0.05557840148487291,0.05471240281000724,0.02886662249552338,0.6972684982704465,0.624759529747061,0.6590255726118162,0.7526539700210727,0.6743854649091556,0.7113733300759749,0.7751580454057493,0.6945493409333808,0.732643129591204,84210.0,75453,0.8960099750623441,0.260086764146511,0.23008676414651102,0.9999999999999973
stage_1__cw0p03__ta0p9__sig0p05__spg24__pop48__dec0p9__th1,stage_1__cw0p03__ta0p9__sig0p05__spg24__pop48__dec0p9__th1__seed303,GridSearchOuts/history/stage_1__cw0p03__ta0p9__sig0p05__spg24__pop48__dec0p9__th1__seed303.csv,stage_1,validation,303,0.03,0.9,0.05,24,48,0.9,1.0,250,156,0.060288794212521236,0.06633947536980572,0.07037834670913037,0.06892989187422102,0.048281827830311846,0.6615211540378508,0.5516446977793611,0.601607169451629,0.7208322059724022,0.6011043819023869,0.6555464181873266,0.7489141734189653,0.6245220282626767,0.6810850012621875,84210.0,70223,0.8339033368958556,0.260086764146511,0.23008676414651102,0.9999999999999973
stage_1__cw0p03__ta0p9__sig0p1__spg8__pop32__dec0p9__th1,stage_1__cw0p03__ta0p9__sig0p1__spg8__pop32__dec0p9__th1__seed303,GridSearchOuts/history/stage_1__cw0p03__ta0p9__sig0p1__spg8__pop32__dec0p9__th1__seed303.csv,stage_1,validation,303,0.03,0.9,0.1,8,32,0.9,1.0,250,164,0.046198623625877455,0.05798494716549935,0.061553358755181,0.06082370827416538,0.024321682700518713,0.6839096467841842,0.6123025768911056,0.6461282056096718,0.7373098298250501,0.6601116256976606,0.6965783851175757,0.7584125847227197,0.6790048687804299,0.7165153537209228,84210.0,75393,0.8952974706091913,0.260086764146511,0.23008676414651102,0.9999999999999973
stage_1__cw0p03__ta0p9__sig0p1__spg8__pop32__dec0p9__th1,stage_1__cw0p03__ta0p9__sig0p1__spg8__pop32__dec0p9__th1__seed505,GridSearchOuts/history/stage_1__cw0p03__ta0p9__sig0p1__spg8__pop32__dec0p9__th1__seed505.csv,stage_1,validation,505,0.03,0.9,0.1,8,32,0.9,1.0,250,137,0.048401218015945977,0.06495702718247706,0.06601774785178328,0.06583957212627282,0.005939190850349535,0.6589375898551258,0.6368008550053438,0.6476801275426636,0.7089984148634202,0.6851799073744211,0.6968857003092995,0.7299492510536858,0.7054269089181807,0.7174786069286205,84210.0,81381,0.9664054150338439,0.260086764146511,0.23008676414651102,0.9999999999999973
stage_1__cw0p03__ta0p9__sig0p1__spg8__pop32__dec0p9__th1,stage_1__cw0p03__ta0p9__sig0p1__spg8__pop32__dec0p9__th1__seed404,GridSearchOuts/history/stage_1__cw0p03__ta0p9__sig0p1__spg8__pop32__dec0p9__th1__seed404.csv,stage_1,validation,404,0.03,0.9,0.1,8,32,0.9,1.0,250,174,0.04700024797268091,0.0571499733000562,0.06325127025614996,0.06264783820287566,0.020114401775808366,0.6558457051961823,0.5875430471440447,0.6198183526459156,0.6997879109225875,0.6269089181807387,0.6613466958967769,0.7203340402969247,0.6453152832205201,0.6807641716249322,84210.0,75440,0.8958555990974943,0.260086764146511,0.23008676414651102,0.9999999999999973
stage_1__cw0p03__ta0p9__sig0p05__spg24__pop48__dec0p9__th1,stage_1__cw0p03__ta0p9__sig0p05__spg24__pop48__dec0p9__th1__seed101,GridSearchOuts/history/stage_1__cw0p03__ta0p9__sig0p05__spg24__pop48__dec0p9__th1__seed101.csv,stage_1,validation,101,0.03,0.9,0.05,24,48,0.9,1.0,250,235,0.038171009734206555,0.047421938511671695,0.04782053370170207,0.047013400069438625,0.026904454408781385,0.7764867652114129,0.6705854411590072,0.7196610061485452,0.826785837057408,0.7140244626528915,0.7662790327200556,0.8505603300103128,0.7345564659779124,0.7883136330322869,84210.0,72725,0.8636147725923287,0.260086764146511,0.23008676414651102,0.9999999999999973
stage_1__cw0p03__ta0p9__sig0p1__spg8__pop48__dec0p9__th1,stage_1__cw0p03__ta0p9__sig0p1__spg8__pop48__dec0p9__th1__seed101,GridSearchOuts/history/stage_1__cw0p03__ta0p9__sig0p1__spg8__pop48__dec0p9__th1__seed101.csv,stage_1,validation,101,0.03,0.9,0.1,8,48,0.9,1.0,250,119,0.06705613964451487,0.07710766883655357,0.08502512414681869,0.08428746558978549,0.024588618567774497,0.6381324552174567,0.5546015912599453,0.5934420605216216,0.6896989902578327,0.5994181213632586,0.6413972312046716,0.7115744599450722,0.6184301151882199,0.6617406939136177,84210.0,73187,0.8691010568816055,0.260086764146511,0.23008676414651102,0.9999999999999973
stage_1__cw0p03__ta0p9__sig0p1__spg8__pop48__dec0p9__th1,stage_1__cw0p03__ta0p9__sig0p1__spg8__pop48__dec0p9__th1__seed202,GridSearchOuts/history/stage_1__cw0p03__ta0p9__sig0p1__spg8__pop48__dec0p9__th1__seed202.csv,stage_1,validation,202,0.03,0.9,0.1,8,48,0.9,1.0,250,123,0.049479249365555936,0.06642899659195435,0.06656345512242749,0.06553178447226102,0.03438902167221627,0.6951758334602972,0.5960218501365634,0.6417917127526054,0.7477388883502541,0.64108775679848,0.6903183320647933,0.7696782503912797,0.6598978743617148,0.7105729209950977,84210.0,72199,0.8573684835530222,0.260086764146511,0.23008676414651102,0.9999999999999973
stage_1__cw0p03__ta0p9__sig0p1__spg8__pop48__dec0p9__th1,stage_1__cw0p03__ta0p9__sig0p1__spg8__pop48__dec0p9__th1__seed404,GridSearchOuts/history/stage_1__cw0p03__ta0p9__sig0p1__spg8__pop48__dec0p9__th1__seed404.csv,stage_1,validation,404,0.03,0.9,0.1,8,48,0.9,1.0,250,143,0.04917277106312475,0.06872103360319808,0.06999964920880712,0.06900779135964703,0.03306192830533789,0.6566361637227779,0.5496140600878755,0.5983774524058518,0.707129176420515,0.5918774492340577,0.644390575001928,0.7351351351351352,0.615318845742786,0.6699117618534747,84210.0,70485,0.8370146063412897,0.260086764146511,0.23008676414651102,0.9999999999999973
stage_1__cw0p03__ta0p9__sig0p1__spg8__pop48__dec0p9__th1,stage_1__cw0p03__ta0p9__sig0p1__spg8__pop48__dec0p9__th1__seed303,GridSearchOuts/history/stage_1__cw0p03__ta0p9__sig0p1__spg8__pop48__dec0p9__th1__seed303.csv,stage_1,validation,303,0.03,0.9,0.1,8,48,0.9,1.0,250,164,0.034036795389414315,0.05347583155541527,0.052074295250646524,0.051178650540477016,0.029854823672317635,0.7509404519742525,0.6400427502671892,0.6910708790640226,0.8079109426811938,0.6885999287495547,0.7434993332644534,0.8341042717418564,0.7109250682816768,0.7676043696784445,84210.0,71774,0.8523215770098563,0.260086764146511,0.23008676414651102,0.9999999999999973
stage_1__cw0p03__ta0p9__sig0p1__spg8__pop48__dec0p9__th1,stage_1__cw0p03__ta0p9__sig0p1__spg8__pop48__dec0p9__th1__seed505,GridSearchOuts/history/stage_1__cw0p03__ta0p9__sig0p1__spg8__pop48__dec0p9__th1__seed505.csv,stage_1,validation,505,0.03,0.9,0.1,8,48,0.9,1.0,250,192,0.042046487413520586,0.055500783288285706,0.05980101278903897,0.05919337854032324,0.020254474957191272,0.6891384260377257,0.6099869374183589,0.6471514601753781,0.7428023290133892,0.6574872342952144,0.6975457958520479,0.7682524349995975,0.680014250089063,0.7214453095467087,84210.0,74538,0.8851442821517634,0.260086764146511,0.23008676414651102,0.9999999999999973
stage_1__cw0p03__ta0p9__sig0p1__spg16__pop17__dec0p9__th1,stage_1__cw0p03__ta0p9__sig0p1__spg16__pop17__dec0p9__th1__seed101,GridSearchOuts/history/stage_1__cw0p03__ta0p9__sig0p1__spg16__pop17__dec0p9__th1__seed101.csv,stage_1,validation,101,0.03,0.9,0.1,16,17,0.9,1.0,250,180,0.04663849666141345,0.06192959758356607,0.06424712901500397,0.06267295696287278,0.052472401737706294,0.7669530169750817,0.6191544947155919,0.6851739907480338,0.8106851813715396,0.6544590903693148,0.724243061395637,0.8298226001000265,0.669908561928512,0.741339886458715,84210.0,67982,0.8072912955705973,0.260086764146511,0.23008676414651102,0.9999999999999973
stage_1__cw0p03__ta0p9__sig0p1__spg16__pop17__dec0p9__th1,stage_1__cw0p03__ta0p9__sig0p1__spg16__pop17__dec0p9__th1__seed505,GridSearchOuts/history/stage_1__cw0p03__ta0p9__sig0p1__spg16__pop17__dec0p9__th1__seed505.csv,stage_1,validation,505,0.03,0.9,0.1,16,17,0.9,1.0,250,123,0.06098186412139636,0.07369970613865985,0.07784754976129374,0.07575693137681924,0.06968727948248396,0.6831338856499949,0.5551953449709061,0.6125556014118958,0.727275383918526,0.5910699441871512,0.6521366009598785,0.748155291573518,0.6080394252464077,0.6708592915769149,84210.0,68439,0.8127182044887781,0.260086764146511,0.23008676414651102,0.9999999999999973
stage_1__cw0p03__ta0p9__sig0p1__spg16__pop17__dec0p9__th1,stage_1__cw0p03__ta0p9__sig0p1__spg16__pop17__dec0p9__th1__seed202,GridSearchOuts/history/stage_1__cw0p03__ta0p9__sig0p1__spg16__pop17__dec0p9__th1__seed202.csv,stage_1,validation,202,0.03,0.9,0.1,16,17,0.9,1.0,250,238,0.03766386906301925,0.04909025811531035,0.051058929140215384,0.049763878896245645,0.043168341465656256,0.7934342634073264,0.6540909630685192,0.7170558025393566,0.8374267152590714,0.6903574397339983,0.7568134035443621,0.8556344621944368,0.7053675335470847,0.7732684158791122,84210.0,69421,0.8243795273720461,0.260086764146511,0.23008676414651102,0.9999999999999973
stage_1__cw0p03__ta0p9__sig0p1__spg16__pop17__dec0p9__th1,stage_1__cw0p03__ta0p9__sig0p1__spg16__pop17__dec0p9__th1__seed303,GridSearchOuts/history/stage_1__cw0p03__ta0p9__sig0p1__spg16__pop17__dec0p9__th1__seed303.csv,stage_1,validation,303,0.03,0.9,0.1,16,17,0.9,1.0,250,236,0.043697405277846095,0.060638376268336416,0.059333442983761156,0.05899821966344566,0.01117411067718196,0.7289978621763572,0.6560028500178127,0.6905767932589958,0.7548364960806566,0.6792542453390333,0.7150536290216779,0.7681912956266991,0.6912718204488778,0.7277045778428396,84210.0,75778,0.8998693741835887,0.260086764146511,0.23008676414651102,0.9999999999999973
stage_1__cw0p03__ta0p9__sig0p1__spg16__pop17__dec0p9__th1,stage_1__cw0p03__ta0p9__sig0p1__spg16__pop17__dec0p9__th1__seed404,GridSearchOuts/history/stage_1__cw0p03__ta0p9__sig0p1__spg16__pop17__dec0p9__th1__seed404.csv,stage_1,validation,404,0.03,0.9,0.1,16,17,0.9,1.0,250,250,0.06665324091336339,0.06782281792983699,0.07320974680372157,0.07164110598793186,0.05228802719298912,0.6828060362407504,0.5566559790998694,0.6133113527228765,0.7323457437510925,0.5970431065194157,0.6578090041993716,0.753947445085358,0.6146538415865099,0.6772121259693342,84210.0,68652,0.8152475952974706,0.260086764146511,0.23008676414651102,0.9999999999999973
stage_1__cw0p03__ta0p9__sig0p1__spg16__pop32__dec0p9__th1,stage_1__cw0p03__ta0p9__sig0p1__spg16__pop32__dec0p9__th1__seed101,GridSearchOuts/history/stage_1__cw0p03__ta0p9__sig0p1__spg16__pop32__dec0p9__th1__seed101.csv,stage_1,validation,101,0.03,0.9,0.1,16,32,0.9,1.0,250,139,0.055061486757074035,0.05803262878737217,0.06383295466519362,0.06265739469325654,0.039185332397902145,0.6879436549557901,0.590393064956656,0.6354462899169998,0.737245568639389,0.632703954399715,0.6809859469955853,0.7617235605861434,0.6537109606935043,0.7035960096877039,84210.0,72269,0.8581997387483672,0.260086764146511,0.23008676414651102,0.9999999999999973
stage_1__cw0p03__ta0p9__sig0p1__spg16__pop32__dec0p9__th1,stage_1__cw0p03__ta0p9__sig0p1__spg16__pop32__dec0p9__th1__seed303,GridSearchOuts/history/stage_1__cw0p03__ta0p9__sig0p1__spg16__pop32__dec0p9__th1__seed303.csv,stage_1,validation,303,0.03,0.9,0.1,16,32,0.9,1.0,250,127,0.05859039425177798,0.06821728117623593,0.07128187687483754,0.07067578040432547,0.020203215683735797,0.6348437603662177,0.5681629260182877,0.5996553344817198,0.6874676574006502,0.6152594703716898,0.6493623687916056,0.7129038678431633,0.6380239876499229,0.6733886887038725,84210.0,75365,0.8949649685310533,0.260086764146511,0.23008676414651102,0.9999999999999973
stage_1__cw0p03__ta0p9__sig0p1__spg16__pop32__dec0p9__th1,stage_1__cw0p03__ta0p9__sig0p1__spg16__pop32__dec0p9__th1__seed202,GridSearchOuts/history/stage_1__cw0p03__ta0p9__sig0p1__spg16__pop32__dec0p9__th1__seed202.csv,stage_1,validation,202,0.03,0.9,0.1,16,32,0.9,1.0,250,152,0.044104320161541484,0.054789225616650596,0.056695352889134805,0.055942060619245566,0.02510974232963923,0.7042488946403537,0.6204013775086095,0.6596714522009743,0.755338078291815,0.66540790879943,0.7075268002570875,0.7780653510190877,0.6854292839330246,0.7288154854345563,84210.0,74184,0.8809405058781618,0.260086764146511,0.23008676414651102,0.9999999999999973
stage_1__cw0p03__ta0p9__sig0p05__spg24__pop48__dec0p9__th1,stage_1__cw0p03__ta0p9__sig0p05__spg24__pop48__dec0p9__th1__seed404,GridSearchOuts/history/stage_1__cw0p03__ta0p9__sig0p05__spg24__pop48__dec0p9__th1__seed404.csv,stage_1,validation,404,0.03,0.9,0.05,24,48,0.9,1.0,250,177,0.0528705838311965,0.05908318143286983,0.06127729370009539,0.06048243148284497,0.026495407241681028,0.6897559667471171,0.6108775679847999,0.6479249323000246,0.738106731027085,0.6536990856192851,0.6933434095341072,0.7614105658353446,0.6743379646122788,0.7152339567977889,84210.0,74580,0.8856430352689705,0.260086764146511,0.23008676414651102,0.9999999999999973
stage_1__cw0p03__ta0p9__sig0p05__spg24__pop48__dec0p9__th1,stage_1__cw0p03__ta0p9__sig0p05__spg24__pop48__dec0p9__th1__seed505,GridSearchOuts/history/stage_1__cw0p03__ta0p9__sig0p05__spg24__pop48__dec0p9__th1__seed505.csv,stage_1,validation,505,0.03,0.9,0.05,24,48,0.9,1.0,250,185,0.044180873478376535,0.05259049463143786,0.05339536322190379,0.05289820464757088,0.016571952477764395,0.7189861762938144,0.6676641729010806,0.6923754225438177,0.7744472435708897,0.7191663697898112,0.7457837927696058,0.7965830765099298,0.7397221232632704,0.7671003454237073,84210.0,78199,0.9286189288683054,0.260086764146511,0.23008676414651102,0.9999999999999973
stage_1__cw0p03__ta0p9__sig0p05__spg24__pop48__dec0p9__th1,stage_1__cw0p03__ta0p9__sig0p05__spg24__pop48__dec0p9__th1__seed202,GridSearchOuts/history/stage_1__cw0p03__ta0p9__sig0p05__spg24__pop48__dec0p9__th1__seed202.csv,stage_1,validation,202,0.03,0.9,0.05,24,48,0.9,1.0,250,215,0.05202951857801241,0.05643406875383619,0.060269211945101334,0.058501522686714436,0.05892297527956323,0.7159669537910693,0.579396746229664,0.6404825508504675,0.7671650989772111,0.6208288801805011,0.6862828750889337,0.7899980923591647,0.6393064956655979,0.706708585755329,84210.0,68147,0.8092506828167676,0.260086764146511,0.23008676414651102,0.9999999999999973
stage_1__cw0p03__ta0p9__sig0p1__spg16__pop32__dec0p9__th1,stage_1__cw0p03__ta0p9__sig0p1__spg16__pop32__dec0p9__th1__seed505,GridSearchOuts/history/stage_1__cw0p03__ta0p9__sig0p1__spg16__pop32__dec0p9__th1__seed505.csv,stage_1,validation,505,0.03,0.9,0.1,16,32,0.9,1.0,250,209,0.03853186476818297,0.04417438243183766,0.046544418257988295,0.04581787120551593,0.024218235082412148,0.7771219130506404,0.6722598266239164,0.7208975085473547,0.8234793471247958,0.7123619522622017,0.7639010040935575,0.8431918953422928,0.7294145588409927,0.7821873587291357,84210.0,72847,0.8650635316470728,0.260086764146511,0.23008676414651102,0.9999999999999973
stage_1__cw0p03__ta0p9__sig0p1__spg16__pop32__dec0p9__th1,stage_1__cw0p03__ta0p9__sig0p1__spg16__pop32__dec0p9__th1__seed404,GridSearchOuts/history/stage_1__cw0p03__ta0p9__sig0p1__spg16__pop32__dec0p9__th1__seed404.csv,stage_1,validation,404,0.03,0.9,0.1,16,32,0.9,1.0,250,250,0.05537459584959883,0.06038478671131869,0.06337243948404532,0.06248696940490313,0.029515669304740196,0.7074046860968243,0.6173851086569291,0.6593364784654892,0.751639589626364,0.6559909749435934,0.7005656165976862,0.7714371241189757,0.6732692079325496,0.7190179069644493,84210.0,73494,0.8727467046669042,0.260086764146511,0.23008676414651102,0.9999999999999973
stage_1__cw0p03__ta0p9__sig0p1__spg16__pop48__dec0p9__th1,stage_1__cw0p03__ta0p9__sig0p1__spg16__pop48__dec0p9__th1__seed303,GridSearchOuts/history/stage_1__cw0p03__ta0p9__sig0p1__spg16__pop48__dec0p9__th1__seed303.csv,stage_1,validation,303,0.03,0.9,0.1,16,48,0.9,1.0,250,108,0.06198506346820941,0.07074155316243426,0.07677603077253091,0.07425682358183869,0.08397357302307544,0.6856795934581541,0.5431777698610616,0.6061662216150753,0.7360026383246638,0.5830423940149626,0.650653661897611,0.7579936740169992,0.6004631278945494,0.6700945540318022,84210.0,66709,0.7921743260895381,0.260086764146511,0.23008676414651102,0.9999999999999973
stage_1__cw0p03__ta0p9__sig0p1__spg16__pop48__dec0p9__th1,stage_1__cw0p03__ta0p9__sig0p1__spg16__pop48__dec0p9__th1__seed404,GridSearchOuts/history/stage_1__cw0p03__ta0p9__sig0p1__spg16__pop48__dec0p9__th1__seed404.csv,stage_1,validation,404,0.03,0.9,0.1,16,48,0.9,1.0,250,108,0.07505555021795896,0.08678680918903725,0.09181842761250993,0.08914983538860036,0.0889530741303185,0.5741818882123757,0.4602660016625104,0.5109515994010075,0.6445787594625424,0.5166963543522147,0.5735961980840473,0.6748885234730309,0.5409927562047263,0.6005681780725782,84210.0,67503,0.8016031350195939,0.260086764146511,0.23008676414651102,0.9999999999999973
stage_1__cw0p03__ta0p9__sig0p1__spg16__pop48__dec0p9__th1,stage_1__cw0p03__ta0p9__sig0p1__spg16__pop48__dec0p9__th1__seed101,GridSearchOuts/history/stage_1__cw0p03__ta0p9__sig0p1__spg16__pop48__dec0p9__th1__seed101.csv,stage_1,validation,101,0.03,0.9,0.1,16,48,0.9,1.0,250,140,0.04471884930156449,0.05899881626117853,0.05917336122806978,0.0591047948571372,0.0022855456977538204,0.6903652594515773,0.6915211970074813,0.6909427447625234,0.7384500480136572,0.7396864980406127,0.739067755886093,0.7571931571647046,0.7584609903811899,0.7578265435060049,84210.0,84351,1.001674385464909,0.260086764146511,0.23008676414651102,0.9999999999999973
stage_1__cw0p03__ta0p9__sig0p1__spg16__pop48__dec0p9__th1,stage_1__cw0p03__ta0p9__sig0p1__spg16__pop48__dec0p9__th1__seed505,GridSearchOuts/history/stage_1__cw0p03__ta0p9__sig0p1__spg16__pop48__dec0p9__th1__seed505.csv,stage_1,validation,505,0.03,0.9,0.1,16,48,0.9,1.0,250,119,0.05084732165513282,0.05810173662177921,0.0630942348076286,0.06219571419470892,0.029950687097321342,0.6693488487249319,0.5778767367296046,0.6202584888340086,0.7242579296305466,0.6252820330127064,0.6711405118787725,0.7509284476355533,0.648307801923762,0.6958550015290224,84210.0,72702,0.8633416458852868,0.260086764146511,0.23008676414651102,0.9999999999999973
stage_1__cw0p03__ta0p9__sig0p1__spg16__pop48__dec0p9__th1,stage_1__cw0p03__ta0p9__sig0p1__spg16__pop48__dec0p9__th1__seed202,GridSearchOuts/history/stage_1__cw0p03__ta0p9__sig0p1__spg16__pop48__dec0p9__th1__seed202.csv,stage_1,validation,202,0.03,0.9,0.1,16,48,0.9,1.0,250,152,0.04678050770080776,0.05604130486931986,0.05738770595740467,0.056809164001525525,0.019284731862638734,0.7023463687150838,0.6344970906068162,0.6666999407300749,0.7570686822214919,0.6839330245814036,0.7186449137468887,0.7808872822872166,0.7054506590666192,0.7412546401716945,84210.0,76075,0.9033962712266952,0.260086764146511,0.23008676414651102,0.9999999999999973
stage_1__cw0p03__ta0p9__sig0p1__spg24__pop17__dec0p9__th1,stage_1__cw0p03__ta0p9__sig0p1__spg24__pop17__dec0p9__th1__seed202,GridSearchOuts/history/stage_1__cw0p03__ta0p9__sig0p1__spg24__pop17__dec0p9__th1__seed202.csv,stage_1,validation,202,0.03,0.9,0.1,24,17,0.9,1.0,250,170,0.04452728608269902,0.050350489221343636,0.05299550018157792,0.052422785569986044,0.01909048705306222,0.741109153763626,0.6644460277876737,0.7006868742520482,0.7877322878448721,0.7062462890393065,0.7447670450627102,0.8072822156584856,0.7237738985868661,0.7632506621412717,84210.0,75499,0.896556228476428,0.260086764146511,0.23008676414651102,0.9999999999999973
stage_1__cw0p03__ta0p9__sig0p1__spg24__pop17__dec0p9__th1,stage_1__cw0p03__ta0p9__sig0p1__spg24__pop17__dec0p9__th1__seed303,GridSearchOuts/history/stage_1__cw0p03__ta0p9__sig0p1__spg24__pop17__dec0p9__th1__seed303.csv,stage_1,validation,303,0.03,0.9,0.1,24,17,0.9,1.0,250,156,0.04973745154917413,0.05679170365539758,0.05965314514491668,0.058988268765287684,0.022162545987633498,0.6463554995870062,0.5668447927799549,0.603994660288884,0.700139470013947,0.6140125875786724,0.6542537374806011,0.72647628332724,0.6371096069350434,0.6788644890258906,84210.0,73851,0.8769861061631635,0.260086764146511,0.23008676414651102,0.9999999999999973
stage_1__cw0p03__ta0p9__sig0p1__spg24__pop17__dec0p9__th1,stage_1__cw0p03__ta0p9__sig0p1__spg24__pop17__dec0p9__th1__seed101,GridSearchOuts/history/stage_1__cw0p03__ta0p9__sig0p1__spg24__pop17__dec0p9__th1__seed101.csv,stage_1,validation,101,0.03,0.9,0.1,24,17,0.9,1.0,250,235,0.0400034747845901,0.0496051709762376,0.04883152248423679,0.04814366104010968,0.02292871480423711,0.7345102019015063,0.6532003325020781,0.6914731800520479,0.7938521525478047,0.7059731623322646,0.7473381186433564,0.8183019976498237,0.7277164232276452,0.770355378445491,84210.0,74888,0.8893005581284883,0.260086764146511,0.23008676414651102,0.9999999999999973
stage_1__cw0p03__ta0p9__sig0p1__spg24__pop17__dec0p9__th1,stage_1__cw0p03__ta0p9__sig0p1__spg24__pop17__dec0p9__th1__seed404,GridSearchOuts/history/stage_1__cw0p03__ta0p9__sig0p1__spg24__pop17__dec0p9__th1__seed404.csv,stage_1,validation,404,0.03,0.9,0.1,24,17,0.9,1.0,250,174,0.04984738773769482,0.06529548779695556,0.0623566056746336,0.062178521798011935,0.005936129220720522,0.6621374573842581,0.6365514784467403,0.6490924282232267,0.7183284747270122,0.6905711910699441,0.70417640434422,0.744132615247789,0.7153782211138819,0.7294721673947268,84210.0,80956,0.961358508490678,0.260086764146511,0.23008676414651102,0.9999999999999973
stage_1__cw0p03__ta0p9__sig0p1__spg24__pop17__dec0p9__th1,stage_1__cw0p03__ta0p9__sig0p1__spg24__pop17__dec0p9__th1__seed505,GridSearchOuts/history/stage_1__cw0p03__ta0p9__sig0p1__spg24__pop17__dec0p9__th1__seed505.csv,stage_1,validation,505,0.03,0.9,0.1,24,17,0.9,1.0,250,156,0.054426212197877494,0.059233409477574744,0.062038536913459695,0.06133043508911169,0.02360339414493469,0.6649940928942163,0.594893718085738,0.6279937070251936,0.7191934477586184,0.6433796461227883,0.679177400449537,0.7426625781530006,0.6643747773423584,0.7013407043864065,84210.0,75333,0.8945849661560384,0.260086764146511,0.23008676414651102,0.9999999999999973
stage_1__cw0p03__ta0p9__sig0p1__spg24__pop32__dec0p9__th1,stage_1__cw0p03__ta0p9__sig0p1__spg24__pop32__dec0p9__th1__seed101,GridSearchOuts/history/stage_1__cw0p03__ta0p9__sig0p1__spg24__pop32__dec0p9__th1__seed101.csv,stage_1,validation,101,0.03,0.9,0.1,24,32,0.9,1.0,250,174,0.05287975478083281,0.060462852344253255,0.0616128382900238,0.060036644945695314,0.052539778144283095,0.7077651887879896,0.5978981118631992,0.6482091819651548,0.756599848182406,0.6391521197007481,0.6929345727007934,0.7782338553234558,0.6574278589241183,0.7127481525344573,84210.0,71138,0.8447690298064363,0.260086764146511,0.23008676414651102,0.9999999999999973
stage_1__cw0p03__ta0p9__sig0p1__spg24__pop32__dec0p9__th1,stage_1__cw0p03__ta0p9__sig0p1__spg24__pop32__dec0p9__th1__seed303,GridSearchOuts/history/stage_1__cw0p03__ta0p9__sig0p1__spg24__pop32__dec0p9__th1__seed303.csv,stage_1,validation,303,0.03,0.9,0.1,24,32,0.9,1.0,250,156,0.04508513437314174,0.05263987705472792,0.05335301471896134,0.052560355020263246,0.02642198995660132,0.7119962195368933,0.6262201638760242,0.666359184962383,0.7660568419631405,0.6737679610497566,0.7169546675085843,0.7886181057179504,0.693611210070063,0.7380698151945739,84210.0,74065,0.8795273720460753,0.260086764146511,0.23008676414651102,0.9999999999999973
stage_1__cw0p03__ta0p9__sig0p1__spg24__pop32__dec0p9__th1,stage_1__cw0p03__ta0p9__sig0p1__spg24__pop32__dec0p9__th1__seed202,GridSearchOuts/history/stage_1__cw0p03__ta0p9__sig0p1__spg24__pop32__dec0p9__th1__seed202.csv,stage_1,validation,202,0.03,0.9,0.1,24,32,0.9,1.0,250,174,0.04382295940704795,0.05151449261641386,0.05171578525701366,0.05106828578324534,0.02158331579227573,0.7364369254787957,0.6497803111269446,0.6904000353282804,0.7971225151747621,0.7033250207813799,0.7472919860446344,0.8234344086889813,0.726540790879943,0.7719590438513482,84210.0,74301,0.8823298895618098,0.260086764146511,0.23008676414651102,0.9999999999999973
stage_1__cw0p03__ta0p9__sig0p1__spg24__pop32__dec0p9__th1,stage_1__cw0p03__ta0p9__sig0p1__spg24__pop32__dec0p9__th1__seed505,GridSearchOuts/history/stage_1__cw0p03__ta0p9__sig0p1__spg24__pop32__dec0p9__th1__seed505.csv,stage_1,validation,505,0.03,0.9,0.1,24,32,0.9,1.0,250,156,0.05171070456092978,0.05906233864379598,0.06159242703852384,0.060841827099620424,0.025019997963448035,0.650503398442213,0.5762142263389146,0.6111093619133197,0.7004142479857359,0.6204251276570478,0.6579976448802659,0.7242770769375142,0.6415627597672485,0.6804153573919944,84210.0,74593,0.8857974112338202,0.260086764146511,0.23008676414651102,0.9999999999999973
stage_1__cw0p03__ta0p9__sig0p15__spg8__pop17__dec0p9__th1,stage_1__cw0p03__ta0p9__sig0p15__spg8__pop17__dec0p9__th1__seed101,GridSearchOuts/history/stage_1__cw0p03__ta0p9__sig0p15__spg8__pop17__dec0p9__th1__seed101.csv,stage_1,validation,101,0.03,0.9,0.15,8,17,0.9,1.0,250,126,0.056969913187280806,0.08152081263228429,0.08378876249074774,0.08170354913108424,0.06950711198878583,0.669778738034033,0.504334402090013,0.575400185612473,0.7235723635446072,0.5448402802517516,0.6216137489071708,0.7518175653298428,0.5661085381783636,0.6458789180249673,84210.0,63409,0.7529865811661323,0.260086764146511,0.23008676414651102,0.9999999999999973
stage_1__cw0p03__ta0p9__sig0p15__spg8__pop17__dec0p9__th1,stage_1__cw0p03__ta0p9__sig0p15__spg8__pop17__dec0p9__th1__seed202,GridSearchOuts/history/stage_1__cw0p03__ta0p9__sig0p15__spg8__pop17__dec0p9__th1__seed202.csv,stage_1,validation,202,0.03,0.9,0.15,8,17,0.9,1.0,250,77,0.06906951605082745,0.08305773820064653,0.08531212585486453,0.08499924711570941,0.010429291305171468,0.5749218301320911,0.5349483434271464,0.5542152369816307,0.6316508199859613,0.587733048331552,0.6089010549621309,0.6597792100057431,0.6139057119106994,0.6360163626851956,84210.0,78355,0.9304714404465028,0.260086764146511,0.23008676414651102,0.9999999999999973
stage_1__cw0p03__ta0p9__sig0p1__spg24__pop32__dec0p9__th1,stage_1__cw0p03__ta0p9__sig0p1__spg24__pop32__dec0p9__th1__seed404,GridSearchOuts/history/stage_1__cw0p03__ta0p9__sig0p1__spg24__pop32__dec0p9__th1__seed404.csv,stage_1,validation,404,0.03,0.9,0.1,24,32,0.9,1.0,250,177,0.06282773196138015,0.06972407308995178,0.07149446803248394,0.07034919762002503,0.03817568041529748,0.6755923173980093,0.5722598266239164,0.619647679053123,0.7248282630029441,0.6139650872817956,0.6648064806475682,0.7484088041497267,0.6339389621185132,0.6864343577209898,84210.0,71330,0.8470490440565254,0.260086764146511,0.23008676414651102,0.9999999999999973
stage_1__cw0p03__ta0p9__sig0p1__spg24__pop48__dec0p9__th1,stage_1__cw0p03__ta0p9__sig0p1__spg24__pop48__dec0p9__th1__seed101,GridSearchOuts/history/stage_1__cw0p03__ta0p9__sig0p1__spg24__pop48__dec0p9__th1__seed101.csv,stage_1,validation,101,0.03,0.9,0.1,24,48,0.9,1.0,250,112,0.07074863155511295,0.08840564211820157,0.09221028119440403,0.09159893324983406,0.02037826481899717,0.635054631307308,0.5494003087519297,0.5891304070998833,0.6836325701422061,0.5914261964137276,0.6341954132757883,0.708120573216933,0.6126113288208052,0.656912556824196,84210.0,72852,0.8651229070181689,0.260086764146511,0.23008676414651102,0.9999999999999973
stage_1__cw0p03__ta0p9__sig0p15__spg8__pop17__dec0p9__th1,stage_1__cw0p03__ta0p9__sig0p15__spg8__pop17__dec0p9__th1__seed505,GridSearchOuts/history/stage_1__cw0p03__ta0p9__sig0p15__spg8__pop17__dec0p9__th1__seed505.csv,stage_1,validation,505,0.03,0.9,0.15,8,17,0.9,1.0,250,137,0.04063969681722219,0.057523472278109875,0.058738191469432606,0.05814814732507337,0.01966813814530673,0.6719427244582044,0.6185607410046313,0.6441476534960693,0.7260706914344686,0.6683885524284526,0.6960366042164055,0.7483101135190918,0.6888611803823774,0.7173560873055047,84210.0,77520,0.9205557534734592,0.260086764146511,0.23008676414651102,0.9999999999999973
stage_1__cw0p03__ta0p9__sig0p1__spg24__pop48__dec0p9__th1,stage_1__cw0p03__ta0p9__sig0p1__spg24__pop48__dec0p9__th1__seed202,GridSearchOuts/history/stage_1__cw0p03__ta0p9__sig0p1__spg24__pop48__dec0p9__th1__seed202.csv,stage_1,validation,202,0.03,0.9,0.1,24,48,0.9,1.0,250,115,0.054858831609217916,0.06270764222369579,0.06259890179242424,0.0623869943048948,0.007063582917645572,0.6649571138031656,0.6251039068994181,0.6444149278027481,0.7195533266803936,0.6764279776748605,0.6973245273081744,0.7419880499728408,0.6975181094881843,0.719066185966582,84210.0,79163,0.9400665004156276,0.260086764146511,0.23008676414651102,0.9999999999999973
stage_1__cw0p03__ta0p9__sig0p15__spg8__pop17__dec0p9__th1,stage_1__cw0p03__ta0p9__sig0p15__spg8__pop17__dec0p9__th1__seed303,GridSearchOuts/history/stage_1__cw0p03__ta0p9__sig0p15__spg8__pop17__dec0p9__th1__seed303.csv,stage_1,validation,303,0.03,0.9,0.15,8,17,0.9,1.0,250,179,0.04238933432154676,0.05759974794331065,0.05851982835159821,0.057997252560623734,0.017419193032481364,0.6751551140040348,0.6318845742785892,0.6528035921306722,0.7315671272505805,0.6846811542572141,0.7073480429136905,0.756156979178562,0.7076950480940506,0.7311238291524421,84210.0,78813,0.9359102244389027,0.260086764146511,0.23008676414651102,0.9999999999999973
stage_1__cw0p03__ta0p9__sig0p15__spg8__pop17__dec0p9__th1,stage_1__cw0p03__ta0p9__sig0p15__spg8__pop17__dec0p9__th1__seed404,GridSearchOuts/history/stage_1__cw0p03__ta0p9__sig0p15__spg8__pop17__dec0p9__th1__seed404.csv,stage_1,validation,404,0.03,0.9,0.15,8,17,0.9,1.0,250,174,0.03783176909499965,0.05964221535062118,0.05836326239945114,0.05755492876093892,0.026944454617074964,0.7335170600002798,0.62265764161026,0.673556293474483,0.7820880489067331,0.6638878992993706,0.7181568856655257,0.8014213169564791,0.6802992518703241,0.7359097711517067,84210.0,71483,0.848865930412065,0.260086764146511,0.23008676414651102,0.9999999999999973
stage_1__cw0p03__ta0p9__sig0p15__spg8__pop32__dec0p9__th1,stage_1__cw0p03__ta0p9__sig0p15__spg8__pop32__dec0p9__th1__seed101,GridSearchOuts/history/stage_1__cw0p03__ta0p9__sig0p15__spg8__pop32__dec0p9__th1__seed101.csv,stage_1,validation,101,0.03,0.9,0.15,8,32,0.9,1.0,250,126,0.04595184587237409,0.05733957691626,0.05955589920191841,0.05895704278062037,0.019961880709934886,0.6538533060595595,0.584562403515022,0.6172693986051091,0.7067847939856016,0.6318845742785892,0.6672393038064935,0.7314108864861993,0.6539009618810118,0.6904875357370749,84210.0,75286,0.8940268376677354,0.260086764146511,0.23008676414651102,0.9999999999999973
stage_1__cw0p03__ta0p9__sig0p15__spg8__pop32__dec0p9__th1,stage_1__cw0p03__ta0p9__sig0p15__spg8__pop32__dec0p9__th1__seed303,GridSearchOuts/history/stage_1__cw0p03__ta0p9__sig0p15__spg8__pop32__dec0p9__th1__seed303.csv,stage_1,validation,303,0.03,0.9,0.15,8,32,0.9,1.0,250,113,0.04613527727269079,0.06766147803679767,0.0685115383286555,0.06824019048516915,0.009044928116212112,0.6520103921811209,0.6258401615010094,0.6386572952006636,0.7059012742793517,0.677567984799905,0.6914444983029417,0.7273537053074354,0.6981593634960218,0.7124575860392481,84210.0,80830,0.9598622491390572,0.260086764146511,0.23008676414651102,0.9999999999999973
stage_1__cw0p03__ta0p9__sig0p15__spg8__pop32__dec0p9__th1,stage_1__cw0p03__ta0p9__sig0p15__spg8__pop32__dec0p9__th1__seed404,GridSearchOuts/history/stage_1__cw0p03__ta0p9__sig0p15__spg8__pop32__dec0p9__th1__seed404.csv,stage_1,validation,404,0.03,0.9,0.15,8,32,0.9,1.0,250,134,0.031194219503352043,0.05487490186294,0.053681025340105125,0.053065657926148264,0.02051224713189519,0.7509326966124459,0.6573091081819261,0.7010087322137105,0.7987952951391244,0.6992043700273126,0.7456893003458778,0.821559875730895,0.7191307445671535,0.7669404322409392,84210.0,73711,0.8753235957724735,0.260086764146511,0.23008676414651102,0.9999999999999973
stage_1__cw0p03__ta0p9__sig0p15__spg8__pop32__dec0p9__th1,stage_1__cw0p03__ta0p9__sig0p15__spg8__pop32__dec0p9__th1__seed202,GridSearchOuts/history/stage_1__cw0p03__ta0p9__sig0p15__spg8__pop32__dec0p9__th1__seed202.csv,stage_1,validation,202,0.03,0.9,0.15,8,32,0.9,1.0,250,170,0.04599489500997079,0.06984875772147958,0.07161404355153976,0.0705528079405748,0.03537452036549786,0.6547139860536312,0.5485571784823655,0.596952819094137,0.7112789840693917,0.5959505996912481,0.6485274543499425,0.7380095243494529,0.6183469896686854,0.67289973249889,84210.0,70556,0.8378577366108538,0.260086764146511,0.23008676414651102,0.9999999999999973
stage_1__cw0p03__ta0p9__sig0p1__spg24__pop48__dec0p9__th1,stage_1__cw0p03__ta0p9__sig0p1__spg24__pop48__dec0p9__th1__seed303,GridSearchOuts/history/stage_1__cw0p03__ta0p9__sig0p1__spg24__pop48__dec0p9__th1__seed303.csv,stage_1,validation,303,0.03,0.9,0.1,24,48,0.9,1.0,250,152,0.0648673386247631,0.0696038853504247,0.07561870201681824,0.07336108254015121,0.075253982555567,0.6890373951372103,0.5179194869967937,0.5913482072032359,0.719939333617707,0.5411471321695761,0.6178689824884767,0.7369069624152803,0.5539009618810118,0.6324310032739309,84210.0,63297,0.7516565728535803,0.260086764146511,0.23008676414651102,0.9999999999999973
stage_1__cw0p03__ta0p9__sig0p15__spg8__pop32__dec0p9__th1,stage_1__cw0p03__ta0p9__sig0p15__spg8__pop32__dec0p9__th1__seed505,GridSearchOuts/history/stage_1__cw0p03__ta0p9__sig0p15__spg8__pop32__dec0p9__th1__seed505.csv,stage_1,validation,505,0.03,0.9,0.15,8,32,0.9,1.0,250,211,0.03591429990092211,0.05225102663272688,0.05414098617826488,0.05287342769975515,0.04225194928365774,0.7530295123789644,0.6169101056881605,0.6782072873009056,0.8141415898417116,0.6669754185963662,0.7332471703280993,0.8422334319012003,0.6899893124332027,0.7585477617196319,84210.0,68988,0.8192376202351265,0.260086764146511,0.23008676414651102,0.9999999999999973
stage_1__cw0p03__ta0p9__sig0p15__spg8__pop48__dec0p9__th1,stage_1__cw0p03__ta0p9__sig0p15__spg8__pop48__dec0p9__th1__seed202,GridSearchOuts/history/stage_1__cw0p03__ta0p9__sig0p15__spg8__pop48__dec0p9__th1__seed202.csv,stage_1,validation,202,0.03,0.9,0.15,8,48,0.9,1.0,250,136,0.03765987536139777,0.05357517240160897,0.05576096496026215,0.055175505069910535,0.01951532967838744,0.6913493804000317,0.6214345089656811,0.65453021813038,0.7474172325415489,0.6718323239520247,0.7076120672398457,0.7706819562977251,0.6927443296520603,0.7296377826691033,84210.0,75694,0.8988718679491747,0.260086764146511,0.23008676414651102,0.9999999999999973
stage_1__cw0p03__ta0p9__sig0p15__spg8__pop48__dec0p9__th1,stage_1__cw0p03__ta0p9__sig0p15__spg8__pop48__dec0p9__th1__seed101,GridSearchOuts/history/stage_1__cw0p03__ta0p9__sig0p15__spg8__pop48__dec0p9__th1__seed101.csv,stage_1,validation,101,0.03,0.9,0.15,8,48,0.9,1.0,250,154,0.04719715754495569,0.05542957078107056,0.05789160405212043,0.05781417242922356,0.002581054096561679,0.7126467449306296,0.7295214345089657,0.720985365051667,0.7474363138601458,0.765134782092388,0.7561820038254767,0.7616583917219618,0.7796936230851442,0.7705704930341097,84210.0,86204,1.0236788979931124,0.260086764146511,0.23008676414651102,0.9999999999999973
stage_1__cw0p03__ta0p9__sig0p15__spg8__pop48__dec0p9__th1,stage_1__cw0p03__ta0p9__sig0p15__spg8__pop48__dec0p9__th1__seed505,GridSearchOuts/history/stage_1__cw0p03__ta0p9__sig0p15__spg8__pop48__dec0p9__th1__seed505.csv,stage_1,validation,505,0.03,0.9,0.15,8,48,0.9,1.0,250,155,0.04377885209973383,0.06370313793717133,0.06452806839975433,0.06435620931892634,0.005728636027600685,0.6810634087584961,0.658021612635079,0.669344269225391,0.7298337041088482,0.7051419071369196,0.7172753682705136,0.7498924546158479,0.7245220282626766,0.7369889654584271,84210.0,81361,0.9661679135494596,0.260086764146511,0.23008676414651102,0.9999999999999973
stage_1__cw0p03__ta0p9__sig0p15__spg8__pop48__dec0p9__th1,stage_1__cw0p03__ta0p9__sig0p15__spg8__pop48__dec0p9__th1__seed303,GridSearchOuts/history/stage_1__cw0p03__ta0p9__sig0p15__spg8__pop48__dec0p9__th1__seed303.csv,stage_1,validation,303,0.03,0.9,0.15,8,48,0.9,1.0,250,179,0.05203387117106149,0.06278019335438019,0.06494160084252627,0.06281336360635738,0.07094124120563067,0.6978345864661654,0.5510746942168389,0.615831729811729,0.7554586466165414,0.5965799786248664,0.666684360692228,0.7847669172932331,0.6197244982781143,0.6925486032773253,84210.0,66500,0.7896924355777224,0.260086764146511,0.23008676414651102,0.9999999999999973
stage_1__cw0p03__ta0p9__sig0p15__spg8__pop48__dec0p9__th1,stage_1__cw0p03__ta0p9__sig0p15__spg8__pop48__dec0p9__th1__seed404,GridSearchOuts/history/stage_1__cw0p03__ta0p9__sig0p15__spg8__pop48__dec0p9__th1__seed404.csv,stage_1,validation,404,0.03,0.9,0.15,8,48,0.9,1.0,250,174,0.04282894679927925,0.06025346155217919,0.061560731081688365,0.06118874643271677,0.012399488299051558,0.6368454927497823,0.5992518703241895,0.6174770111772989,0.6867956435593584,0.6462534140838381,0.6659080202382294,0.7111901967465516,0.6692079325495784,0.6895606580640955,84210.0,79239,0.9409690060562879,0.260086764146511,0.23008676414651102,0.9999999999999973
stage_1__cw0p03__ta0p9__sig0p15__spg16__pop17__dec0p9__th1,stage_1__cw0p03__ta0p9__sig0p15__spg16__pop17__dec0p9__th1__seed101,GridSearchOuts/history/stage_1__cw0p03__ta0p9__sig0p15__spg16__pop17__dec0p9__th1__seed101.csv,stage_1,validation,101,0.03,0.9,0.15,16,17,0.9,1.0,250,197,0.04805538332312627,0.05653284824433847,0.05998565382602606,0.05870547211833122,0.04267272358982895,0.7038885090411836,0.5745873411708823,0.6326993612328412,0.7529276559840561,0.6146182163638523,0.6767788376664703,0.7765671142404097,0.6339152119700748,0.6980274728502874,84210.0,68741,0.8163044769029807,0.260086764146511,0.23008676414651102,0.9999999999999973
stage_1__cw0p03__ta0p9__sig0p15__spg16__pop17__dec0p9__th1,stage_1__cw0p03__ta0p9__sig0p15__spg16__pop17__dec0p9__th1__seed505,GridSearchOuts/history/stage_1__cw0p03__ta0p9__sig0p15__spg16__pop17__dec0p9__th1__seed505.csv,stage_1,validation,505,0.03,0.9,0.15,16,17,0.9,1.0,250,119,0.05653818582777097,0.07546739822122238,0.0788575532439994,0.07724126909855861,0.05387613818136095,0.7286953942001039,0.5833630210188814,0.6479802143441062,0.7611955796187792,0.609381308633179,0.6768804616647988,0.7774382555811021,0.6223845149032181,0.6913239901066784,84210.0,67415,0.8005581284883031,0.260086764146511,0.23008676414651102,0.9999999999999973
stage_1__cw0p03__ta0p9__sig0p15__spg16__pop17__dec0p9__th1,stage_1__cw0p03__ta0p9__sig0p15__spg16__pop17__dec0p9__th1__seed303,GridSearchOuts/history/stage_1__cw0p03__ta0p9__sig0p15__spg16__pop17__dec0p9__th1__seed303.csv,stage_1,validation,303,0.03,0.9,0.15,16,17,0.9,1.0,250,188,0.04597230975630222,0.05800096222530497,0.05740964725167444,0.056872061375068325,0.017919529220205153,0.7373320638950598,0.6621541384633653,0.6977238885338558,0.774436686766106,0.6954755967224795,0.7328353166405165,0.7910055008991854,0.7103550647191545,0.748514083360989,84210.0,75624,0.8980406127538297,0.260086764146511,0.23008676414651102,0.9999999999999973
stage_1__cw0p03__ta0p9__sig0p1__spg24__pop48__dec0p9__th1,stage_1__cw0p03__ta0p9__sig0p1__spg24__pop48__dec0p9__th1__seed404,GridSearchOuts/history/stage_1__cw0p03__ta0p9__sig0p1__spg24__pop48__dec0p9__th1__seed404.csv,stage_1,validation,404,0.03,0.9,0.1,24,48,0.9,1.0,250,177,0.06026489851388716,0.06288754408637653,0.06712382977520472,0.06501887542942042,0.07016514485947498,0.7223772578122604,0.5594584966156039,0.6305645528276259,0.7767947499156674,0.6016031350195938,0.6780656904992806,0.8012511883222423,0.62054387839924,0.6994137644880911,84210.0,65218,0.7744685904286902,0.260086764146511,0.23008676414651102,0.9999999999999973
stage_1__cw0p03__ta0p9__sig0p1__spg24__pop48__dec0p9__th1,stage_1__cw0p03__ta0p9__sig0p1__spg24__pop48__dec0p9__th1__seed505,GridSearchOuts/history/stage_1__cw0p03__ta0p9__sig0p1__spg24__pop48__dec0p9__th1__seed505.csv,stage_1,validation,505,0.03,0.9,0.1,24,48,0.9,1.0,250,185,0.04361458758001738,0.05359322831133084,0.05374111864914513,0.05284234855363377,0.029959003183711686,0.7528293594110538,0.6508965681035507,0.6981619941657766,0.801271838259532,0.692779954874718,0.7430867798591365,0.8211322931545983,0.7099513121957012,0.7615050503758926,84210.0,72808,0.8646004037525234,0.260086764146511,0.23008676414651102,0.9999999999999973
stage_1__cw0p03__ta0p9__sig0p15__spg16__pop17__dec0p9__th1,stage_1__cw0p03__ta0p9__sig0p15__spg16__pop17__dec0p9__th1__seed404,GridSearchOuts/history/stage_1__cw0p03__ta0p9__sig0p15__spg16__pop17__dec0p9__th1__seed404.csv,stage_1,validation,404,0.03,0.9,0.15,16,17,0.9,1.0,250,157,0.052086923953602975,0.06147762882917417,0.06302548129834101,0.06206887457924869,0.03188689063640855,0.673509720093571,0.5949055931599573,0.6317720944304946,0.7220429673845823,0.6377746110913193,0.6772977199349337,0.7448172945067355,0.6578909868186676,0.6986607142852163,84210.0,74382,0.8832917705735661,0.260086764146511,0.23008676414651102,0.9999999999999973
stage_1__cw0p03__ta0p9__sig0p15__spg16__pop17__dec0p9__th1,stage_1__cw0p03__ta0p9__sig0p15__spg16__pop17__dec0p9__th1__seed202,GridSearchOuts/history/stage_1__cw0p03__ta0p9__sig0p15__spg16__pop17__dec0p9__th1__seed202.csv,stage_1,validation,202,0.03,0.9,0.15,16,17,0.9,1.0,250,238,0.03799146729453964,0.04555653155877602,0.0493397277110734,0.0485652083120286,0.025817313301493318,0.7732628460378076,0.67567984799905,0.721185350426961,0.8179742603590503,0.7147488421802636,0.762885552590555,0.837122704972616,0.731480821755136,0.7807443929700395,84210.0,73583,0.8738035862724142,0.260086764146511,0.23008676414651102,0.9999999999999973
stage_1__cw0p03__ta0p9__sig0p15__spg16__pop32__dec0p9__th1,stage_1__cw0p03__ta0p9__sig0p15__spg16__pop32__dec0p9__th1__seed202,GridSearchOuts/history/stage_1__cw0p03__ta0p9__sig0p15__spg16__pop32__dec0p9__th1__seed202.csv,stage_1,validation,202,0.03,0.9,0.15,16,32,0.9,1.0,250,158,0.04999584126658162,0.057859403169365976,0.060408915261233265,0.059518209493426365,0.029690192260230012,0.7129039289412021,0.6214226338914618,0.6640273072184042,0.7637322216772928,0.6657285358033488,0.7113708173126853,0.7856928777723284,0.6848711554447215,0.7318258530328622,84210.0,73404,0.8716779479871749,0.260086764146511,0.23008676414651102,0.9999999999999973
stage_1__cw0p03__ta0p9__sig0p15__spg16__pop32__dec0p9__th1,stage_1__cw0p03__ta0p9__sig0p15__spg16__pop32__dec0p9__th1__seed505,GridSearchOuts/history/stage_1__cw0p03__ta0p9__sig0p15__spg16__pop32__dec0p9__th1__seed505.csv,stage_1,validation,505,0.03,0.9,0.15,16,32,0.9,1.0,250,110,0.04417201052617234,0.05506023296092356,0.057258196494278435,0.05659380476235294,0.022146391064184093,0.7287840426529492,0.6460396627478922,0.684921848934721,0.7820868330453188,0.6932905830661442,0.7350165870358044,0.803158783104931,0.7119700748129676,0.7548203123519652,84210.0,74649,0.8864624153900962,0.260086764146511,0.23008676414651102,0.9999999999999973
stage_1__cw0p03__ta0p9__sig0p15__spg16__pop32__dec0p9__th1,stage_1__cw0p03__ta0p9__sig0p15__spg16__pop32__dec0p9__th1__seed101,GridSearchOuts/history/stage_1__cw0p03__ta0p9__sig0p15__spg16__pop32__dec0p9__th1__seed101.csv,stage_1,validation,101,0.03,0.9,0.15,16,32,0.9,1.0,250,197,0.0553351156679027,0.062385291229869876,0.06730426711016085,0.06585559436055399,0.04828909165356049,0.6725719932241672,0.5657879111744448,0.6145759432436185,0.7305335968379446,0.614546965918537,0.667539503385508,0.7567617165443252,0.6366108538178363,0.6915059658169819,84210.0,70840,0.8412302576891105,0.260086764146511,0.23008676414651102,0.9999999999999973
stage_1__cw0p03__ta0p9__sig0p15__spg16__pop32__dec0p9__th1,stage_1__cw0p03__ta0p9__sig0p15__spg16__pop32__dec0p9__th1__seed404,GridSearchOuts/history/stage_1__cw0p03__ta0p9__sig0p15__spg16__pop32__dec0p9__th1__seed404.csv,stage_1,validation,404,0.03,0.9,0.15,16,32,0.9,1.0,250,157,0.04683964085064759,0.05507343538540602,0.057945792205485895,0.0567621677193348,0.039454149538371015,0.7266067266067266,0.621873886711792,0.6701731485386823,0.7828421578421578,0.6700035625222658,0.7220409260178544,0.8063464313464314,0.690119938249614,0.7437196862077675,84210.0,72072,0.855860349127182,0.260086764146511,0.23008676414651102,0.9999999999999973
stage_1__cw0p03__ta0p9__sig0p15__spg16__pop48__dec0p9__th1,stage_1__cw0p03__ta0p9__sig0p15__spg16__pop48__dec0p9__th1__seed303,GridSearchOuts/history/stage_1__cw0p03__ta0p9__sig0p15__spg16__pop48__dec0p9__th1__seed303.csv,stage_1,validation,303,0.03,0.9,0.15,16,48,0.9,1.0,250,113,0.04977621527506443,0.05807619961794925,0.0634242194531835,0.06312100238460402,0.0101072356193166,0.6419962480405006,0.5933262082888018,0.6167024611809665,0.6858376378074166,0.6338439615247595,0.6588165592826231,0.7086063783311489,0.6548865930412066,0.6806882421185361,84210.0,77826,0.9241895261845386,0.260086764146511,0.23008676414651102,0.9999999999999973
stage_1__cw0p03__ta0p9__sig0p15__spg16__pop48__dec0p9__th1,stage_1__cw0p03__ta0p9__sig0p15__spg16__pop48__dec0p9__th1__seed101,GridSearchOuts/history/stage_1__cw0p03__ta0p9__sig0p15__spg16__pop48__dec0p9__th1__seed101.csv,stage_1,validation,101,0.03,0.9,0.15,16,48,0.9,1.0,250,139,0.05667897060883327,0.0657606746445428,0.06894342605100953,0.06742670830593699,0.05055725816908369,0.678156098125434,0.5567628547678423,0.6114929636242488,0.7329321916223096,0.6017337608360053,0.6608845356248227,0.7596476510067114,0.6236670229188932,0.6849738499858102,84210.0,69136,0.8209951312195701,0.260086764146511,0.23008676414651102,0.9999999999999973
stage_1__cw0p03__ta0p9__sig0p15__spg24__pop17__dec0p9__th1,stage_1__cw0p03__ta0p9__sig0p15__spg24__pop17__dec0p9__th1__seed101,GridSearchOuts/history/stage_1__cw0p03__ta0p9__sig0p15__spg24__pop17__dec0p9__th1__seed101.csv,stage_1,validation,101,0.03,0.9,0.15,24,17,0.9,1.0,250,112,0.06482126106000248,0.07473805808683902,0.07763696128226207,0.07676051065782553,0.02921502081455206,0.5877592719549408,0.5192257451609072,0.5513710506233945,0.6559395625814951,0.57945612160076,0.6153302942599416,0.689868398058905,0.6094288089300558,0.6471585929465828,84210.0,74391,0.883398646241539,0.260086764146511,0.23008676414651102,0.9999999999999973
stage_1__cw0p03__ta0p9__sig0p15__spg16__pop32__dec0p9__th1,stage_1__cw0p03__ta0p9__sig0p15__spg16__pop32__dec0p9__th1__seed303,GridSearchOuts/history/stage_1__cw0p03__ta0p9__sig0p15__spg16__pop32__dec0p9__th1__seed303.csv,stage_1,validation,303,0.03,0.9,0.15,16,32,0.9,1.0,250,236,0.046380536355490665,0.058337700704644856,0.06094856668724719,0.060287854134040295,0.022023751773563055,0.7020413165742923,0.6121957012231326,0.6540474362954368,0.746163169147386,0.6506709416933856,0.6951529722215483,0.7684283632699195,0.6700866880418003,0.7158960435916695,84210.0,73433,0.8720223251395322,0.260086764146511,0.23008676414651102,0.9999999999999973
stage_1__cw0p03__ta0p9__sig0p15__spg16__pop48__dec0p9__th1,stage_1__cw0p03__ta0p9__sig0p15__spg16__pop48__dec0p9__th1__seed202,GridSearchOuts/history/stage_1__cw0p03__ta0p9__sig0p15__spg16__pop48__dec0p9__th1__seed202.csv,stage_1,validation,202,0.03,0.9,0.15,16,48,0.9,1.0,250,164,0.04613817631590651,0.05522561814090522,0.055809941131221244,0.05451168145024189,0.04327532269931263,0.7533081689338367,0.6280251751573447,0.6849852669748626,0.8058970158820596,0.6718679491746823,0.7328044555251978,0.8269354034612919,0.6894074337964612,0.7519347213672468,84210.0,70205,0.8336895855599098,0.260086764146511,0.23008676414651102,0.9999999999999973
stage_1__cw0p03__ta0p9__sig0p15__spg16__pop48__dec0p9__th1,stage_1__cw0p03__ta0p9__sig0p15__spg16__pop48__dec0p9__th1__seed404,GridSearchOuts/history/stage_1__cw0p03__ta0p9__sig0p15__spg16__pop48__dec0p9__th1__seed404.csv,stage_1,validation,404,0.03,0.9,0.15,16,48,0.9,1.0,250,108,0.05368945042960649,0.06414932714267124,0.06675157477392651,0.06562927715206354,0.037409920728766095,0.6864693300213897,0.590725567034794,0.635008776128432,0.7392120333954323,0.6361121007006294,0.683797670336187,0.7622438418546885,0.6559315995724974,0.7051029200569465,84210.0,72465,0.8605272532953331,0.260086764146511,0.23008676414651102,0.9999999999999973
stage_1__cw0p03__ta0p9__sig0p15__spg16__pop48__dec0p9__th1,stage_1__cw0p03__ta0p9__sig0p15__spg16__pop48__dec0p9__th1__seed505,GridSearchOuts/history/stage_1__cw0p03__ta0p9__sig0p15__spg16__pop48__dec0p9__th1__seed505.csv,stage_1,validation,505,0.03,0.9,0.15,16,48,0.9,1.0,250,117,0.0712133421329579,0.08839305646129432,0.09016171458512857,0.08722010642303644,0.09805360540307312,0.6200778678146366,0.4652535328345802,0.5316227254835869,0.6801247151177513,0.5103075644222776,0.5831037898417019,0.7110660926816915,0.5335233345208408,0.6096313282761021,84210.0,63184,0.7503146894668091,0.260086764146511,0.23008676414651102,0.9999999999999973
stage_1__cw0p03__ta0p9__sig0p15__spg24__pop17__dec0p9__th1,stage_1__cw0p03__ta0p9__sig0p15__spg24__pop17__dec0p9__th1__seed202,GridSearchOuts/history/stage_1__cw0p03__ta0p9__sig0p15__spg24__pop17__dec0p9__th1__seed202.csv,stage_1,validation,202,0.03,0.9,0.15,24,17,0.9,1.0,250,170,0.04857537104125273,0.053512940450216165,0.055169364321161714,0.054498896608255715,0.022348923763533403,0.7184908115140674,0.6295689348058425,0.6710971024944704,0.7706944218572126,0.6753117206982544,0.71985721338195,0.7946278527673877,0.696283101769386,0.7422119267327519,84210.0,73788,0.876237976487353,0.260086764146511,0.23008676414651102,0.9999999999999973
stage_1__cw0p03__ta0p9__sig0p15__spg24__pop17__dec0p9__th1,stage_1__cw0p03__ta0p9__sig0p15__spg24__pop17__dec0p9__th1__seed303,GridSearchOuts/history/stage_1__cw0p03__ta0p9__sig0p15__spg24__pop17__dec0p9__th1__seed303.csv,stage_1,validation,303,0.03,0.9,0.15,24,17,0.9,1.0,250,156,0.053215013145506855,0.06363836809742862,0.06596035660481941,0.0645854494362912,0.04583023895093919,0.6852001617468662,0.5634247714048213,0.6183742359268837,0.7385766275778407,0.6073150457190357,0.6665450232638054,0.7688608399283693,0.6322170763567272,0.6938756891311011,84210.0,69244,0.8222776392352452,0.260086764146511,0.23008676414651102,0.9999999999999973
stage_1__cw0p03__ta0p9__sig0p15__spg24__pop17__dec0p9__th1,stage_1__cw0p03__ta0p9__sig0p15__spg24__pop17__dec0p9__th1__seed505,GridSearchOuts/history/stage_1__cw0p03__ta0p9__sig0p15__spg24__pop17__dec0p9__th1__seed505.csv,stage_1,validation,505,0.03,0.9,0.15,24,17,0.9,1.0,250,199,0.05690091288018953,0.06369066139915376,0.06721522410475134,0.06593725799385415,0.04259887036323869,0.6769715185344211,0.5616910105688161,0.6139667705083309,0.7295691999427508,0.6053319083244271,0.661669262720169,0.7567196221554315,0.6278589241182757,0.68629283489047,84210.0,69870,0.8297114356964731,0.260086764146511,0.23008676414651102,0.9999999999999973
stage_1__cw0p03__ta0p9__sig0p15__spg24__pop17__dec0p9__th1,stage_1__cw0p03__ta0p9__sig0p15__spg24__pop17__dec0p9__th1__seed404,GridSearchOuts/history/stage_1__cw0p03__ta0p9__sig0p15__spg24__pop17__dec0p9__th1__seed404.csv,stage_1,validation,404,0.03,0.9,0.15,24,17,0.9,1.0,250,250,0.053867851873449946,0.0673355379056648,0.06636491211830516,0.06588939773976923,0.015850479284530178,0.6773800273304574,0.6004156275976725,0.6365799612212679,0.7253021087323491,0.6428927680798004,0.681615591871181,0.7516679617373596,0.6662629141432134,0.7063933724468111,84210.0,74642,0.8863792898705617,0.260086764146511,0.23008676414651102,0.9999999999999973
stage_1__cw0p03__ta0p9__sig0p15__spg24__pop32__dec0p9__th1,stage_1__cw0p03__ta0p9__sig0p15__spg24__pop32__dec0p9__th1__seed101,GridSearchOuts/history/stage_1__cw0p03__ta0p9__sig0p15__spg24__pop32__dec0p9__th1__seed101.csv,stage_1,validation,101,0.03,0.9,0.15,24,32,0.9,1.0,250,130,0.051151065386233215,0.0539744152360825,0.058303962131649865,0.057481022661243414,0.02743131568021456,0.6824030235636026,0.5939199619997625,0.635094380352643,0.7371164263006372,0.6415390096188102,0.6860146919697121,0.7593156049173841,0.6608597553734711,0.7066748782542436,84210.0,73291,0.8703360646004038,0.260086764146511,0.23008676414651102,0.9999999999999973
stage_1__cw0p03__ta0p9__sig0p15__spg24__pop32__dec0p9__th1,stage_1__cw0p03__ta0p9__sig0p15__spg24__pop32__dec0p9__th1__seed505,GridSearchOuts/history/stage_1__cw0p03__ta0p9__sig0p15__spg24__pop32__dec0p9__th1__seed505.csv,stage_1,validation,505,0.03,0.9,0.15,24,32,0.9,1.0,250,103,0.060703958720742864,0.06587008402429365,0.0708935737755698,0.06886196789386084,0.06772019605696558,0.6891927932199372,0.5523690773067331,0.6132417502730687,0.7410359746340307,0.5939199619997625,0.6593716628648606,0.7635127126177917,0.61193444959031,0.6793713991900243,84210.0,67492,0.8014725092031825,0.260086764146511,0.23008676414651102,0.9999999999999973
stage_1__cw0p03__ta0p9__sig0p15__spg24__pop32__dec0p9__th1,stage_1__cw0p03__ta0p9__sig0p15__spg24__pop32__dec0p9__th1__seed404,GridSearchOuts/history/stage_1__cw0p03__ta0p9__sig0p15__spg24__pop32__dec0p9__th1__seed404.csv,stage_1,validation,404,0.03,0.9,0.15,24,32,0.9,1.0,250,111,0.05200123472868103,0.06016897386808231,0.06176917792985023,0.06155501983212038,0.00713860325766153,0.6346207000527678,0.599833748960931,0.6167370760171801,0.6843355026760811,0.6468234176463603,0.6650509145070825,0.7067492524562153,0.6680085500534378,0.6868330443696012,84210.0,79594,0.9451846574041087,0.260086764146511,0.23008676414651102,0.9999999999999973
stage_1__cw0p03__ta0p9__sig0p15__spg24__pop32__dec0p9__th1,stage_1__cw0p03__ta0p9__sig0p15__spg24__pop32__dec0p9__th1__seed202,GridSearchOuts/history/stage_1__cw0p03__ta0p9__sig0p15__spg24__pop32__dec0p9__th1__seed202.csv,stage_1,validation,202,0.03,0.9,0.15,24,32,0.9,1.0,250,170,0.05151709037284463,0.060117591955279936,0.060880840726814815,0.06027852609983391,0.020077154232697833,0.6822681671001646,0.6105331908324427,0.6444104633814249,0.7309835978555125,0.6541265882911769,0.6904227717679234,0.7552550560008493,0.675846099038119,0.7133474549711121,84210.0,75356,0.8948580928630804,0.260086764146511,0.23008676414651102,0.9999999999999973
stage_1__cw0p05__ta0p9__sig0p05__spg8__pop17__dec0p9__th1,stage_1__cw0p05__ta0p9__sig0p05__spg8__pop17__dec0p9__th1__seed101,GridSearchOuts/history/stage_1__cw0p05__ta0p9__sig0p05__spg8__pop17__dec0p9__th1__seed101.csv,stage_1,validation,101,0.05,0.9,0.05,8,17,0.9,1.0,250,232,0.040490564114223374,0.05020210930290046,0.05270551049731196,0.051517183294464905,0.02376654405694115,0.7437563178111732,0.655302220638879,0.6967330576681361,0.7948918390727138,0.7003562522265764,0.7446355859974187,0.8160388166318485,0.718988243676523,0.764445566742976,84210.0,74195,0.8810711316945731,0.2800867641465109,0.23008676414651102,0.9999999999999973
stage_1__cw0p05__ta0p9__sig0p05__spg8__pop17__dec0p9__th1,stage_1__cw0p05__ta0p9__sig0p05__spg8__pop17__dec0p9__th1__seed202,GridSearchOuts/history/stage_1__cw0p05__ta0p9__sig0p05__spg8__pop17__dec0p9__th1__seed202.csv,stage_1,validation,202,0.05,0.9,0.05,8,17,0.9,1.0,250,170,0.046860436140721336,0.06804583438535752,0.0703082766999924,0.06800906926050848,0.04598414878967766,0.7163112506570816,0.5987293670585441,0.6522636273661411,0.7607938966002245,0.6359102244389028,0.6927689411820624,0.7805418614232742,0.65241657760361,0.7107511788710215,84210.0,70387,0.8358508490678067,0.2800867641465109,0.23008676414651102,0.9999999999999973
stage_1__cw0p05__ta0p9__sig0p05__spg8__pop17__dec0p9__th1,stage_1__cw0p05__ta0p9__sig0p05__spg8__pop17__dec0p9__th1__seed303,GridSearchOuts/history/stage_1__cw0p05__ta0p9__sig0p05__spg8__pop17__dec0p9__th1__seed303.csv,stage_1,validation,303,0.05,0.9,0.05,8,17,0.9,1.0,250,179,0.045581342116124295,0.05597015992170733,0.05904061820060879,0.058442202551806155,0.011968312976053703,0.6580481915330867,0.6083956774729842,0.6322485900800852,0.7014102959309494,0.6484859280370502,0.6739106290024995,0.7215243526510481,0.6670822942643392,0.6932360890002782,84210.0,77856,0.9245457784111151,0.2800867641465109,0.23008676414651102,0.9999999999999973
stage_1__cw0p05__ta0p9__sig0p05__spg8__pop17__dec0p9__th1,stage_1__cw0p05__ta0p9__sig0p05__spg8__pop17__dec0p9__th1__seed404,GridSearchOuts/history/stage_1__cw0p05__ta0p9__sig0p05__spg8__pop17__dec0p9__th1__seed404.csv,stage_1,validation,404,0.05,0.9,0.05,8,17,0.9,1.0,250,230,0.03169880253914875,0.044062645955937556,0.04711483552182116,0.04641604540478748,0.013975802340673275,0.7617695234069534,0.6848236551478447,0.721250171966934,0.8052943041318821,0.7239520247001544,0.7624598221539095,0.8226249603719751,0.739532122075763,0.77886864189452,84210.0,75704,0.8989906186913669,0.2800867641465109,0.23008676414651102,0.9999999999999973
stage_1__cw0p03__ta0p9__sig0p15__spg24__pop32__dec0p9__th1,stage_1__cw0p03__ta0p9__sig0p15__spg24__pop32__dec0p9__th1__seed303,GridSearchOuts/history/stage_1__cw0p03__ta0p9__sig0p15__spg24__pop32__dec0p9__th1__seed303.csv,stage_1,validation,303,0.03,0.9,0.15,24,32,0.9,1.0,250,250,0.04631888370002784,0.05341615311654143,0.05525402746777997,0.05478187393023656,0.0157384512514455,0.698457496618458,0.6377271107944424,0.6667121876120101,0.7569451669961502,0.6911293195582472,0.7225415585539212,0.7792893559463115,0.7115306970668567,0.7438701908150295,84210.0,76888,0.913050706566916,0.260086764146511,0.23008676414651102,0.9999999999999973
stage_1__cw0p05__ta0p9__sig0p05__spg8__pop17__dec0p9__th1,stage_1__cw0p05__ta0p9__sig0p05__spg8__pop17__dec0p9__th1__seed505,GridSearchOuts/history/stage_1__cw0p05__ta0p9__sig0p05__spg8__pop17__dec0p9__th1__seed505.csv,stage_1,validation,505,0.05,0.9,0.05,8,17,0.9,1.0,250,211,0.042542537255108794,0.06406214062201324,0.0640509765553518,0.06355421331696873,0.009935264767661574,0.6574406067015761,0.6053200332502078,0.6303046789984126,0.6983129981685454,0.6429521434508966,0.6694900583633351,0.7182913302551139,0.6613466334164588,0.6886437827673315,84210.0,77534,0.9207220045125282,0.2800867641465109,0.23008676414651102,0.9999999999999973
stage_1__cw0p03__ta0p9__sig0p15__spg24__pop48__dec0p9__th1,stage_1__cw0p03__ta0p9__sig0p15__spg24__pop48__dec0p9__th1__seed404,GridSearchOuts/history/stage_1__cw0p03__ta0p9__sig0p15__spg24__pop48__dec0p9__th1__seed404.csv,stage_1,validation,404,0.03,0.9,0.15,24,48,0.9,1.0,250,117,0.05307126545554122,0.061334242841024664,0.06551401677508195,0.06476623464824174,0.024926070894673257,0.6587318850430952,0.5754067212920081,0.6142563764510007,0.7017183718970065,0.6129557059731623,0.6543405506815164,0.7223279588895837,0.6309583184894906,0.6735586430703405,84210.0,73558,0.8735067094169339,0.260086764146511,0.23008676414651102,0.9999999999999973
stage_1__cw0p03__ta0p9__sig0p15__spg24__pop48__dec0p9__th1,stage_1__cw0p03__ta0p9__sig0p15__spg24__pop48__dec0p9__th1__seed202,GridSearchOuts/history/stage_1__cw0p03__ta0p9__sig0p15__spg24__pop48__dec0p9__th1__seed202.csv,stage_1,validation,202,0.03,0.9,0.15,24,48,0.9,1.0,250,134,0.05390098824045588,0.05794834323308067,0.060068258963981665,0.05928800547006523,0.026008449797215047,0.6918869275131346,0.6083363021018882,0.6474271884532874,0.7419132642724977,0.6523215770098563,0.6942388989638055,0.765737901973231,0.6732692079325496,0.7165325969499162,84210.0,74041,0.8792423702648141,0.260086764146511,0.23008676414651102,0.9999999999999973
stage_1__cw0p03__ta0p9__sig0p15__spg24__pop48__dec0p9__th1,stage_1__cw0p03__ta0p9__sig0p15__spg24__pop48__dec0p9__th1__seed505,GridSearchOuts/history/stage_1__cw0p03__ta0p9__sig0p15__spg24__pop48__dec0p9__th1__seed505.csv,stage_1,validation,505,0.03,0.9,0.15,24,48,0.9,1.0,250,108,0.06116218420270261,0.06509371178347433,0.0694464783145248,0.06897513478502025,0.015711450983485184,0.6272928566036786,0.5921030756442228,0.6091902062354498,0.6824346425785673,0.6441515259470372,0.6627406900591232,0.7062375764285534,0.6666191663697898,0.6858567099985229,84210.0,79486,0.9439021493884336,0.260086764146511,0.23008676414651102,0.9999999999999973
stage_1__cw0p03__ta0p9__sig0p15__spg24__pop48__dec0p9__th1,stage_1__cw0p03__ta0p9__sig0p15__spg24__pop48__dec0p9__th1__seed303,GridSearchOuts/history/stage_1__cw0p03__ta0p9__sig0p15__spg24__pop48__dec0p9__th1__seed303.csv,stage_1,validation,303,0.03,0.9,0.15,24,48,0.9,1.0,250,135,0.05056008070682541,0.0567779218609474,0.059935330873312403,0.05929231135971255,0.021433983786662825,0.6847846305104562,0.6120532003325021,0.6463793925099733,0.7390455185608376,0.6605510034437715,0.6975971306022254,0.762349533653974,0.6813798836242726,0.719594170909231,84210.0,75266,0.8937893361833511,0.260086764146511,0.23008676414651102,0.9999999999999973
stage_1__cw0p05__ta0p9__sig0p05__spg8__pop32__dec0p9__th1,stage_1__cw0p05__ta0p9__sig0p05__spg8__pop32__dec0p9__th1__seed101,GridSearchOuts/history/stage_1__cw0p05__ta0p9__sig0p05__spg8__pop32__dec0p9__th1__seed101.csv,stage_1,validation,101,0.05,0.9,0.05,8,32,0.9,1.0,250,171,0.05319559401176974,0.057530176220009846,0.062290308062381686,0.061384968478687796,0.018106791673878343,0.6713737389455121,0.6148319676997981,0.641860061489137,0.7186260017116627,0.6581047381546135,0.6870351085981323,0.7410721232397106,0.6786604916280726,0.7084944956853088,84210.0,77118,0.9157819736373353,0.2800867641465109,0.23008676414651102,0.9999999999999973
stage_1__cw0p05__ta0p9__sig0p05__spg8__pop32__dec0p9__th1,stage_1__cw0p05__ta0p9__sig0p05__spg8__pop32__dec0p9__th1__seed202,GridSearchOuts/history/stage_1__cw0p05__ta0p9__sig0p05__spg8__pop32__dec0p9__th1__seed202.csv,stage_1,validation,202,0.05,0.9,0.05,8,32,0.9,1.0,250,181,0.04815173203247773,0.0648175387998049,0.06405810699812801,0.06326489522598586,0.015864235442841775,0.6353625678472412,0.5796579978624866,0.6062333500991676,0.6853970609291005,0.6253057831611447,0.6539739314562468,0.7096203157744022,0.6474052962831017,0.6770866322641358,84210.0,76827,0.912326327039544,0.2800867641465109,0.23008676414651102,0.9999999999999973
stage_1__cw0p05__ta0p9__sig0p05__spg8__pop32__dec0p9__th1,stage_1__cw0p05__ta0p9__sig0p05__spg8__pop32__dec0p9__th1__seed404,GridSearchOuts/history/stage_1__cw0p05__ta0p9__sig0p05__spg8__pop32__dec0p9__th1__seed404.csv,stage_1,validation,404,0.05,0.9,0.05,8,32,0.9,1.0,250,143,0.05112444192608937,0.06333510219699785,0.06974578724751324,0.06916971014311171,0.011521542088030672,0.6188023818661252,0.5935755848474052,0.6059265275440945,0.6748827017591641,0.6473696710604441,0.660839944964861,0.7023038736273939,0.6736729604560029,0.6876905453151917,84210.0,80777,0.9592328702054388,0.2800867641465109,0.23008676414651102,0.9999999999999973
stage_1__cw0p05__ta0p9__sig0p05__spg8__pop32__dec0p9__th1,stage_1__cw0p05__ta0p9__sig0p05__spg8__pop32__dec0p9__th1__seed505,GridSearchOuts/history/stage_1__cw0p05__ta0p9__sig0p05__spg8__pop32__dec0p9__th1__seed505.csv,stage_1,validation,505,0.05,0.9,0.05,8,32,0.9,1.0,250,137,0.04417112932322704,0.06807559972470545,0.06944249621233102,0.0683264558801836,0.022320806642947968,0.6919781671626654,0.6157463484146776,0.651640348616783,0.7423431598895013,0.6605628785179908,0.6990693904219519,0.7629482337554883,0.6788979931124569,0.7184733227344005,84210.0,74933,0.8898349364683529,0.2800867641465109,0.23008676414651102,0.9999999999999973
stage_1__cw0p05__ta0p9__sig0p05__spg8__pop32__dec0p9__th1,stage_1__cw0p05__ta0p9__sig0p05__spg8__pop32__dec0p9__th1__seed303,GridSearchOuts/history/stage_1__cw0p05__ta0p9__sig0p05__spg8__pop32__dec0p9__th1__seed303.csv,stage_1,validation,303,0.05,0.9,0.05,8,32,0.9,1.0,250,217,0.043982725300233026,0.058518775019140205,0.05830442680916751,0.05765616530093285,0.012965230164692395,0.6606703349097329,0.6088350552190951,0.6336944497655889,0.709328247619293,0.6536753354708467,0.6803656072127654,0.7306160844297257,0.673292958080988,0.7007842385959053,84210.0,77603,0.921541384633654,0.2800867641465109,0.23008676414651102,0.9999999999999973
stage_1__cw0p05__ta0p9__sig0p05__spg8__pop48__dec0p9__th1,stage_1__cw0p05__ta0p9__sig0p05__spg8__pop48__dec0p9__th1__seed101,GridSearchOuts/history/stage_1__cw0p05__ta0p9__sig0p05__spg8__pop48__dec0p9__th1__seed101.csv,stage_1,validation,101,0.05,0.9,0.05,8,48,0.9,1.0,250,138,0.049401454259440085,0.06674556858601072,0.06827649331401808,0.06763055420583304,0.012918782163701084,0.6821267417395562,0.6121482009262558,0.645245680024035,0.7304124598060102,0.6554803467521672,0.6909206977044852,0.7518095565759352,0.674682341764636,0.7111609014834075,84210.0,75571,0.8974112338202114,0.2800867641465109,0.23008676414651102,0.9999999999999973
stage_1__cw0p05__ta0p9__sig0p05__spg8__pop48__dec0p9__th1,stage_1__cw0p05__ta0p9__sig0p05__spg8__pop48__dec0p9__th1__seed202,GridSearchOuts/history/stage_1__cw0p05__ta0p9__sig0p05__spg8__pop48__dec0p9__th1__seed202.csv,stage_1,validation,202,0.05,0.9,0.05,8,48,0.9,1.0,250,123,0.06121382902119382,0.0767557327117773,0.0838976948533492,0.08187499766189386,0.04045394382910618,0.6168067461926804,0.523762023512647,0.5664892079857861,0.6670535751744584,0.5664291651822824,0.6126370274274655,0.6972184541373572,0.5920437002731267,0.6403411316678503,84210.0,71507,0.8491509321933262,0.2800867641465109,0.23008676414651102,0.9999999999999973
stage_1__cw0p05__ta0p9__sig0p05__spg8__pop48__dec0p9__th1,stage_1__cw0p05__ta0p9__sig0p05__spg8__pop48__dec0p9__th1__seed303,GridSearchOuts/history/stage_1__cw0p05__ta0p9__sig0p05__spg8__pop48__dec0p9__th1__seed303.csv,stage_1,validation,303,0.05,0.9,0.05,8,48,0.9,1.0,250,127,0.047104101178377496,0.06747662296087728,0.06577926248555083,0.06466361734339143,0.02231290284318681,0.6877627372287599,0.600332502078138,0.6410804298888596,0.7424120808108292,0.6480346752167201,0.6920204165737025,0.7698932045439085,0.6720223251395321,0.7176362425889832,84210.0,73505,0.8728773304833155,0.2800867641465109,0.23008676414651102,0.9999999999999973
stage_1__cw0p05__ta0p9__sig0p05__spg16__pop17__dec0p9__th1,stage_1__cw0p05__ta0p9__sig0p05__spg16__pop17__dec0p9__th1__seed202,GridSearchOuts/history/stage_1__cw0p05__ta0p9__sig0p05__spg16__pop17__dec0p9__th1__seed202.csv,stage_1,validation,202,0.05,0.9,0.05,16,17,0.9,1.0,250,110,0.09152281698356086,0.09865201615650156,0.10652050421976655,0.10123838806996982,0.10564232299593536,0.5013291846660424,0.3941455884099276,0.4413227316238025,0.57908648762952,0.45527847049044057,0.5097728964998794,0.6168323112708818,0.484954280964256,0.5430007446011453,84210.0,66206,0.7862011637572734,0.2800867641465109,0.23008676414651102,0.9999999999999973
stage_1__cw0p03__ta0p9__sig0p15__spg24__pop48__dec0p9__th1,stage_1__cw0p03__ta0p9__sig0p15__spg24__pop48__dec0p9__th1__seed101,GridSearchOuts/history/stage_1__cw0p03__ta0p9__sig0p15__spg24__pop48__dec0p9__th1__seed101.csv,stage_1,validation,101,0.03,0.9,0.15,24,48,0.9,1.0,250,235,0.056784259619920625,0.06211985410180054,0.06762736129945163,0.06640079943178248,0.040885395588974055,0.6761596937076906,0.5788267426671416,0.6237187935861132,0.7273610032182888,0.62265764161026,0.6709490844407627,0.7506935967151259,0.6426315164469778,0.6924720725788066,84210.0,72088,0.8560503503146895,0.260086764146511,0.23008676414651102,0.9999999999999973
stage_1__cw0p05__ta0p9__sig0p05__spg16__pop17__dec0p9__th1,stage_1__cw0p05__ta0p9__sig0p05__spg16__pop17__dec0p9__th1__seed101,GridSearchOuts/history/stage_1__cw0p05__ta0p9__sig0p05__spg16__pop17__dec0p9__th1__seed101.csv,stage_1,validation,101,0.05,0.9,0.05,16,17,0.9,1.0,250,197,0.04107842073895413,0.056029428995935854,0.05683578371662941,0.056278943514751184,0.011136804037565385,0.6961092527853927,0.657356608478803,0.6761781447726662,0.747981690601343,0.7063412896330602,0.7265653629096217,0.7718618747013405,0.7288920555753473,0.7497618058773984,84210.0,79522,0.9443296520603254,0.2800867641465109,0.23008676414651102,0.9999999999999973
stage_1__cw0p05__ta0p9__sig0p05__spg8__pop48__dec0p9__th1,stage_1__cw0p05__ta0p9__sig0p05__spg8__pop48__dec0p9__th1__seed505,GridSearchOuts/history/stage_1__cw0p05__ta0p9__sig0p05__spg8__pop48__dec0p9__th1__seed505.csv,stage_1,validation,505,0.05,0.9,0.05,8,48,0.9,1.0,250,155,0.04899026646353408,0.07349664063646412,0.07731295277196193,0.07689669153388905,0.008325224761458616,0.6212677263020601,0.5769504809405058,0.5982895457870915,0.6627367236551027,0.6154613466334165,0.6382247726470104,0.6853445519992839,0.6364564778529865,0.6599964288567965,84210.0,78203,0.9286664291651823,0.2800867641465109,0.23008676414651102,0.9999999999999973
stage_1__cw0p05__ta0p9__sig0p05__spg16__pop17__dec0p9__th1,stage_1__cw0p05__ta0p9__sig0p05__spg16__pop17__dec0p9__th1__seed404,GridSearchOuts/history/stage_1__cw0p05__ta0p9__sig0p05__spg16__pop17__dec0p9__th1__seed404.csv,stage_1,validation,404,0.05,0.9,0.05,16,17,0.9,1.0,250,160,0.05367786745471207,0.06586645798516377,0.06948213459774641,0.067268783083941,0.044267030276107906,0.7224579966281031,0.590286189288683,0.6497183264271521,0.7650281960351142,0.6250682816767604,0.688002405008197,0.7839951165629905,0.6405652535328346,0.7050596677423259,84210.0,68804,0.8170526065787911,0.2800867641465109,0.23008676414651102,0.9999999999999973
stage_1__cw0p05__ta0p9__sig0p05__spg8__pop48__dec0p9__th1,stage_1__cw0p05__ta0p9__sig0p05__spg8__pop48__dec0p9__th1__seed404,GridSearchOuts/history/stage_1__cw0p05__ta0p9__sig0p05__spg8__pop48__dec0p9__th1__seed404.csv,stage_1,validation,404,0.05,0.9,0.05,8,48,0.9,1.0,250,230,0.048318907515857455,0.06644556031384521,0.06803403249420156,0.06784575758074946,0.00376549826904255,0.6237930782887856,0.6091556822230139,0.6163874936910719,0.6789527446068536,0.663021018881368,0.6708923121285043,0.7077121385315076,0.6911055694098088,0.699310278531619,84210.0,82234,0.9765348533428334,0.2800867641465109,0.23008676414651102,0.9999999999999973
stage_1__cw0p05__ta0p9__sig0p05__spg16__pop17__dec0p9__th1,stage_1__cw0p05__ta0p9__sig0p05__spg16__pop17__dec0p9__th1__seed303,GridSearchOuts/history/stage_1__cw0p05__ta0p9__sig0p05__spg16__pop17__dec0p9__th1__seed303.csv,stage_1,validation,303,0.05,0.9,0.05,16,17,0.9,1.0,250,250,0.06412783850918144,0.07536094412321348,0.07639617717036554,0.07336768798923181,0.06056978362267474,0.6755958873231244,0.5516684479277996,0.6073751577070744,0.7271206899059087,0.5937418358864743,0.6536970576502017,0.751305207742536,0.613490084313027,0.6754394566356435,84210.0,68763,0.8165657285358033,0.2800867641465109,0.23008676414651102,0.9999999999999973
stage_1__cw0p05__ta0p9__sig0p05__spg16__pop17__dec0p9__th1,stage_1__cw0p05__ta0p9__sig0p05__spg16__pop17__dec0p9__th1__seed505,GridSearchOuts/history/stage_1__cw0p05__ta0p9__sig0p05__spg16__pop17__dec0p9__th1__seed505.csv,stage_1,validation,505,0.05,0.9,0.05,16,17,0.9,1.0,250,250,0.0428395340139078,0.04864920658032011,0.0524817276185725,0.05108802069627488,0.027874138445952344,0.7744462341166591,0.6680323002018763,0.7173141046479224,0.8172469334654937,0.7049519059494121,0.7569573283854024,0.8343727198887649,0.7197244982781142,0.7728197183273211,84210.0,72639,0.8625935162094763,0.2800867641465109,0.23008676414651102,0.9999999999999973
stage_1__cw0p05__ta0p9__sig0p05__spg16__pop32__dec0p9__th1,stage_1__cw0p05__ta0p9__sig0p05__spg16__pop32__dec0p9__th1__seed202,GridSearchOuts/history/stage_1__cw0p05__ta0p9__sig0p05__spg16__pop32__dec0p9__th1__seed202.csv,stage_1,validation,202,0.05,0.9,0.05,16,32,0.9,1.0,250,158,0.06596254649114201,0.07236665732371259,0.07722112357691388,0.07575897353787205,0.029243000780835592,0.6296138878189377,0.5629141432133951,0.5943987109632066,0.6769913267542403,0.6052725329533309,0.6391262641140101,0.7040205076438789,0.6294383089894312,0.664643665477028,84210.0,75289,0.894062462890393,0.2800867641465109,0.23008676414651102,0.9999999999999973
stage_1__cw0p05__ta0p9__sig0p05__spg16__pop32__dec0p9__th1,stage_1__cw0p05__ta0p9__sig0p05__spg16__pop32__dec0p9__th1__seed505,GridSearchOuts/history/stage_1__cw0p05__ta0p9__sig0p05__spg16__pop32__dec0p9__th1__seed505.csv,stage_1,validation,505,0.05,0.9,0.05,16,32,0.9,1.0,250,122,0.05359114826801834,0.0684827762532846,0.06978251343766402,0.0695804553524919,0.004041161703441966,0.6183024721757117,0.5963781023631398,0.6071424253775966,0.6586353787058012,0.6352808455052844,0.6467473433509273,0.6800206835418103,0.6559078494240589,0.6677466542543692,84210.0,81224,0.9645410283814274,0.2800867641465109,0.23008676414651102,0.9999999999999973
stage_1__cw0p05__ta0p9__sig0p05__spg16__pop32__dec0p9__th1,stage_1__cw0p05__ta0p9__sig0p05__spg16__pop32__dec0p9__th1__seed101,GridSearchOuts/history/stage_1__cw0p05__ta0p9__sig0p05__spg16__pop32__dec0p9__th1__seed101.csv,stage_1,validation,101,0.05,0.9,0.05,16,32,0.9,1.0,250,197,0.04985619896363257,0.06038015575651542,0.06349638551431785,0.06309900294411111,0.007947651404135286,0.6517660184081746,0.6104975656097851,0.6304571764931727,0.7038084129922159,0.659244745279658,0.6807980967325526,0.7256903065493547,0.6797411233820211,0.7019645835372225,84210.0,78878,0.9366821042631517,0.2800867641465109,0.23008676414651102,0.9999999999999973
stage_1__cw0p05__ta0p9__sig0p05__spg16__pop32__dec0p9__th1,stage_1__cw0p05__ta0p9__sig0p05__spg16__pop32__dec0p9__th1__seed404,GridSearchOuts/history/stage_1__cw0p05__ta0p9__sig0p05__spg16__pop32__dec0p9__th1__seed404.csv,stage_1,validation,404,0.05,0.9,0.05,16,32,0.9,1.0,250,188,0.043024913206719265,0.04926960116388669,0.0513950251891373,0.05037375729240051,0.020425357934736592,0.7666777874157603,0.6822348889680561,0.7219956643307719,0.8053913391606059,0.7166844792779955,0.7584529831280952,0.8206178688196437,0.7302339389621185,0.772792107825698,84210.0,74935,0.8898586866167914,0.2800867641465109,0.23008676414651102,0.9999999999999973
stage_1__cw0p05__ta0p9__sig0p05__spg16__pop32__dec0p9__th1,stage_1__cw0p05__ta0p9__sig0p05__spg16__pop32__dec0p9__th1__seed303,GridSearchOuts/history/stage_1__cw0p05__ta0p9__sig0p05__spg16__pop32__dec0p9__th1__seed303.csv,stage_1,validation,303,0.05,0.9,0.05,16,32,0.9,1.0,250,196,0.060685176427624256,0.06399951911197686,0.06983311499631271,0.0674331353826452,0.04799959227335053,0.6715426471627447,0.5642441515259471,0.6132352466681064,0.7261677619956187,0.6101413133832086,0.663117478139729,0.7522719242456364,0.6320745754660967,0.6869551188973193,84210.0,70755,0.8402208763804774,0.2800867641465109,0.23008676414651102,0.9999999999999973
stage_1__cw0p05__ta0p9__sig0p05__spg16__pop48__dec0p9__th1,stage_1__cw0p05__ta0p9__sig0p05__spg16__pop48__dec0p9__th1__seed202,GridSearchOuts/history/stage_1__cw0p05__ta0p9__sig0p05__spg16__pop48__dec0p9__th1__seed202.csv,stage_1,validation,202,0.05,0.9,0.05,16,48,0.9,1.0,250,174,0.060699261676139184,0.0732597691898565,0.07511972194371457,0.07156932084693364,0.0710080219356199,0.6653063665037297,0.5285239282745517,0.5890792617147149,0.7371332047774938,0.5855836598978743,0.652676580171173,0.7651464191219337,0.6078375489846811,0.6774801961519017,84210.0,66897,0.7944068400427503,0.2800867641465109,0.23008676414651102,0.9999999999999973
stage_1__cw0p05__ta0p9__sig0p05__spg16__pop48__dec0p9__th1,stage_1__cw0p05__ta0p9__sig0p05__spg16__pop48__dec0p9__th1__seed101,GridSearchOuts/history/stage_1__cw0p05__ta0p9__sig0p05__spg16__pop48__dec0p9__th1__seed101.csv,stage_1,validation,101,0.05,0.9,0.05,16,48,0.9,1.0,250,197,0.049326890720714285,0.059924705727271675,0.06225070172965548,0.06133783161143788,0.018257402364351527,0.6706806962847492,0.6130982068637929,0.6405980519878378,0.7258898415172772,0.6635672722954519,0.6933308517893142,0.751454923356716,0.6869374183588648,0.717749240026798,84210.0,76980,0.9141432133950838,0.2800867641465109,0.23008676414651102,0.9999999999999973
stage_1__cw0p05__ta0p9__sig0p05__spg24__pop17__dec0p9__th1,stage_1__cw0p05__ta0p9__sig0p05__spg24__pop17__dec0p9__th1__seed101,GridSearchOuts/history/stage_1__cw0p05__ta0p9__sig0p05__spg24__pop17__dec0p9__th1__seed101.csv,stage_1,validation,101,0.05,0.9,0.05,24,17,0.9,1.0,250,197,0.052107755196416895,0.06260732276636587,0.06533191821075844,0.06493655406847798,0.007907282845609001,0.6415373899829038,0.6015793848711555,0.620916194269456,0.6803773823846008,0.6380002375014844,0.6585077370915796,0.7007914899005888,0.6571428571428571,0.6782656656958387,84210.0,78965,0.9377152357202233,0.2800867641465109,0.23008676414651102,0.9999999999999973
stage_1__cw0p05__ta0p9__sig0p05__spg16__pop48__dec0p9__th1,stage_1__cw0p05__ta0p9__sig0p05__spg16__pop48__dec0p9__th1__seed505,GridSearchOuts/history/stage_1__cw0p05__ta0p9__sig0p05__spg16__pop48__dec0p9__th1__seed505.csv,stage_1,validation,505,0.05,0.9,0.05,16,48,0.9,1.0,250,123,0.052046054051557114,0.06299173926237353,0.06649798312717146,0.06581298109757408,0.013700040591947647,0.6519486006859869,0.6229782686141788,0.6371342863036816,0.7095615648456529,0.6780311126944544,0.6934381034498701,0.7320176964756177,0.6994893718085738,0.7153839614272562,84210.0,80468,0.9555634722717017,0.2800867641465109,0.23008676414651102,0.9999999999999973
stage_1__cw0p05__ta0p9__sig0p05__spg16__pop48__dec0p9__th1,stage_1__cw0p05__ta0p9__sig0p05__spg16__pop48__dec0p9__th1__seed303,GridSearchOuts/history/stage_1__cw0p05__ta0p9__sig0p05__spg16__pop48__dec0p9__th1__seed303.csv,stage_1,validation,303,0.05,0.9,0.05,16,48,0.9,1.0,250,194,0.05294371182175488,0.061011884293925844,0.062342628845469955,0.061630773175644124,0.01423711339651655,0.6862301005446166,0.6224557653485334,0.652789020759928,0.7394742354419773,0.6707516921980763,0.7034384846253277,0.7620836824465856,0.6912599453746586,0.7249461374641637,84210.0,76384,0.9070656691604323,0.2800867641465109,0.23008676414651102,0.9999999999999973
stage_1__cw0p05__ta0p9__sig0p05__spg24__pop17__dec0p9__th1,stage_1__cw0p05__ta0p9__sig0p05__spg24__pop17__dec0p9__th1__seed202,GridSearchOuts/history/stage_1__cw0p05__ta0p9__sig0p05__spg24__pop17__dec0p9__th1__seed202.csv,stage_1,validation,202,0.05,0.9,0.05,24,17,0.9,1.0,250,250,0.051816981716028686,0.05692013850952001,0.06287799160807972,0.060181909952422605,0.053921633113140875,0.781850592447234,0.6198076237976488,0.6914623725709959,0.8202885090702099,0.6502790642441515,0.7254565567304478,0.8358374402684363,0.6626053912836956,0.7392079063631491,84210.0,66757,0.7927443296520603,0.2800867641465109,0.23008676414651102,0.9999999999999973
stage_1__cw0p05__ta0p9__sig0p05__spg24__pop17__dec0p9__th1,stage_1__cw0p05__ta0p9__sig0p05__spg24__pop17__dec0p9__th1__seed303,GridSearchOuts/history/stage_1__cw0p05__ta0p9__sig0p05__spg24__pop17__dec0p9__th1__seed303.csv,stage_1,validation,303,0.05,0.9,0.05,24,17,0.9,1.0,250,250,0.04342604687217678,0.050071290521878226,0.053249376926950094,0.052273705469347814,0.019513429152045167,0.7292918700170747,0.6441515259470372,0.68408275479334,0.7792925422498286,0.6883149269682936,0.7309838639497128,0.8034256981137149,0.7096306851917824,0.7536209951504897,84210.0,74379,0.8832561453509085,0.2800867641465109,0.23008676414651102,0.9999999999999973
stage_1__cw0p05__ta0p9__sig0p05__spg16__pop48__dec0p9__th1,stage_1__cw0p05__ta0p9__sig0p05__spg16__pop48__dec0p9__th1__seed404,GridSearchOuts/history/stage_1__cw0p05__ta0p9__sig0p05__spg16__pop48__dec0p9__th1__seed404.csv,stage_1,validation,404,0.05,0.9,0.05,16,48,0.9,1.0,250,211,0.059516874901542074,0.07032427519273454,0.07152323040056649,0.06974538129480753,0.035556982115178944,0.6818077043023145,0.5971262320389502,0.6366634802256338,0.7314748274599666,0.6406246289039307,0.683042016699827,0.7546609537497797,0.6609310058187864,0.7046929305329883,84210.0,73751,0.8757985987412421,0.2800867641465109,0.23008676414651102,0.9999999999999973
stage_1__cw0p05__ta0p9__sig0p05__spg24__pop17__dec0p9__th1,stage_1__cw0p05__ta0p9__sig0p05__spg24__pop17__dec0p9__th1__seed404,GridSearchOuts/history/stage_1__cw0p05__ta0p9__sig0p05__spg24__pop17__dec0p9__th1__seed404.csv,stage_1,validation,404,0.05,0.9,0.05,24,17,0.9,1.0,250,244,0.05703488892005984,0.06619861189271853,0.06910147364574667,0.06753449982796934,0.03133947635554754,0.6547648261758692,0.5703241895261846,0.609634424980462,0.7194819359236537,0.6266951668447928,0.6698908352368721,0.7500749829584186,0.6533428333927087,0.6983752221371007,84210.0,73350,0.8710366939793374,0.2800867641465109,0.23008676414651102,0.9999999999999973
stage_1__cw0p05__ta0p9__sig0p05__spg24__pop17__dec0p9__th1,stage_1__cw0p05__ta0p9__sig0p05__spg24__pop17__dec0p9__th1__seed505,GridSearchOuts/history/stage_1__cw0p05__ta0p9__sig0p05__spg24__pop17__dec0p9__th1__seed505.csv,stage_1,validation,505,0.05,0.9,0.05,24,17,0.9,1.0,250,250,0.035464721537647695,0.045485184751650726,0.044231719602068106,0.043509434917169285,0.014445693697976032,0.7903354475904009,0.7176463602897518,0.752238991753041,0.8211207742104231,0.7456002850017812,0.7815403765359878,0.8345909893415288,0.7578316114475715,0.7943612883144224,84210.0,76465,0.9080275501721886,0.2800867641465109,0.23008676414651102,0.9999999999999973
stage_1__cw0p05__ta0p9__sig0p05__spg24__pop32__dec0p9__th1,stage_1__cw0p05__ta0p9__sig0p05__spg24__pop32__dec0p9__th1__seed202,GridSearchOuts/history/stage_1__cw0p05__ta0p9__sig0p05__spg24__pop32__dec0p9__th1__seed202.csv,stage_1,validation,202,0.05,0.9,0.05,24,32,0.9,1.0,250,136,0.056312198313640795,0.057633680635757106,0.06331448348550606,0.06185188027803942,0.029252064149332152,0.7276473458764843,0.6374539840874005,0.6795710903768868,0.7670118744239006,0.6719391996199976,0.7163347723153356,0.7841457463536301,0.686949293433084,0.7323365953078284,84210.0,73772,0.8760479752998456,0.2800867641465109,0.23008676414651102,0.9999999999999973
stage_1__cw0p05__ta0p9__sig0p05__spg24__pop32__dec0p9__th1,stage_1__cw0p05__ta0p9__sig0p05__spg24__pop32__dec0p9__th1__seed505,GridSearchOuts/history/stage_1__cw0p05__ta0p9__sig0p05__spg24__pop32__dec0p9__th1__seed505.csv,stage_1,validation,505,0.05,0.9,0.05,24,32,0.9,1.0,250,123,0.0647318079552109,0.06784511020062545,0.07366440406215524,0.07177664600815899,0.03775516107992618,0.6689029968672895,0.5730435815223845,0.6172738436343782,0.721410551412492,0.6180263626647666,0.6657286123613531,0.744490033544953,0.6377983612397577,0.6870267089638911,84210.0,72142,0.856691604322527,0.2800867641465109,0.23008676414651102,0.9999999999999973
stage_1__cw0p05__ta0p9__sig0p05__spg24__pop32__dec0p9__th1,stage_1__cw0p05__ta0p9__sig0p05__spg24__pop32__dec0p9__th1__seed101,GridSearchOuts/history/stage_1__cw0p05__ta0p9__sig0p05__spg24__pop32__dec0p9__th1__seed101.csv,stage_1,validation,101,0.05,0.9,0.05,24,32,0.9,1.0,250,174,0.04163977579524421,0.05147455205322182,0.052679014450482065,0.0517684554309922,0.018211180389797507,0.7379099863774494,0.6689823061394133,0.7017576640875961,0.7921120192811485,0.7181213632585204,0.753304184261494,0.8125982395473121,0.7366939793373709,0.77278672596086,84210.0,76344,0.9065906661916637,0.2800867641465109,0.23008676414651102,0.9999999999999973
stage_1__cw0p05__ta0p9__sig0p1__spg8__pop17__dec0p9__th1,stage_1__cw0p05__ta0p9__sig0p1__spg8__pop17__dec0p9__th1__seed101,GridSearchOuts/history/stage_1__cw0p05__ta0p9__sig0p1__spg8__pop17__dec0p9__th1__seed101.csv,stage_1,validation,101,0.05,0.9,0.1,8,17,0.9,1.0,250,181,0.03774076888163315,0.05576519207293815,0.05483718563337934,0.053729743839879614,0.02214883586999368,0.726173249253236,0.6495546847167795,0.6857304039860875,0.7855160969133754,0.7026362664766654,0.7417682640168017,0.8073016926651179,0.7221232632703954,0.7623405522294197,84210.0,75325,0.8944899655622848,0.2800867641465109,0.23008676414651102,0.9999999999999973
stage_1__cw0p05__ta0p9__sig0p1__spg8__pop17__dec0p9__th1,stage_1__cw0p05__ta0p9__sig0p1__spg8__pop17__dec0p9__th1__seed202,GridSearchOuts/history/stage_1__cw0p05__ta0p9__sig0p1__spg8__pop17__dec0p9__th1__seed202.csv,stage_1,validation,202,0.05,0.9,0.1,8,17,0.9,1.0,250,164,0.05331095654836648,0.06525493100717722,0.06985524976014855,0.06732984765120692,0.05050804217883245,0.6949408434347101,0.5684716779479871,0.6253764002738444,0.7444726718443783,0.6089894311839449,0.6699500310259917,0.7670610437685998,0.6274670466690416,0.6902772788133134,84210.0,68885,0.8180144875905474,0.2800867641465109,0.23008676414651102,0.9999999999999973
stage_1__cw0p05__ta0p9__sig0p05__spg24__pop32__dec0p9__th1,stage_1__cw0p05__ta0p9__sig0p05__spg24__pop32__dec0p9__th1__seed404,GridSearchOuts/history/stage_1__cw0p05__ta0p9__sig0p05__spg24__pop32__dec0p9__th1__seed404.csv,stage_1,validation,404,0.05,0.9,0.05,24,32,0.9,1.0,250,229,0.05071881741827374,0.05680956377065579,0.059461044163814494,0.058383241297212944,0.021556057332030337,0.6978210148585775,0.6073387958674742,0.6494434955963556,0.748304703169557,0.6512765704785655,0.6964273242704594,0.7696033619407567,0.6698135613347583,0.7162494206381014,84210.0,73291,0.8703360646004038,0.2800867641465109,0.23008676414651102,0.9999999999999973
stage_1__cw0p05__ta0p9__sig0p05__spg24__pop32__dec0p9__th1,stage_1__cw0p05__ta0p9__sig0p05__spg24__pop32__dec0p9__th1__seed303,GridSearchOuts/history/stage_1__cw0p05__ta0p9__sig0p05__spg24__pop32__dec0p9__th1__seed303.csv,stage_1,validation,303,0.05,0.9,0.05,24,32,0.9,1.0,250,236,0.05225216599933654,0.05919950395195725,0.06113598472248014,0.059933614735959706,0.02404739973040892,0.668721380767876,0.5861655385346158,0.6247278894340184,0.7087950795242095,0.6212920080750505,0.6621652407224302,0.7317311079199068,0.6413965087281795,0.6835923657161022,84210.0,73814,0.8765467284170526,0.2800867641465109,0.23008676414651102,0.9999999999999973
stage_1__cw0p05__ta0p9__sig0p05__spg24__pop48__dec0p9__th1,stage_1__cw0p05__ta0p9__sig0p05__spg24__pop48__dec0p9__th1__seed101,GridSearchOuts/history/stage_1__cw0p05__ta0p9__sig0p05__spg24__pop48__dec0p9__th1__seed101.csv,stage_1,validation,101,0.05,0.9,0.05,24,48,0.9,1.0,250,140,0.048500976677862025,0.055518602474734016,0.05857367382063407,0.057404722526447724,0.023379025883726024,0.7212378989118806,0.6564541028381428,0.6873228228969994,0.7698901442997678,0.7007362546015913,0.733687273088475,0.7915872974453984,0.7204845030281439,0.7543641517874357,84210.0,76646,0.9101769386058662,0.2800867641465109,0.23008676414651102,0.9999999999999973
stage_1__cw0p05__ta0p9__sig0p1__spg8__pop17__dec0p9__th1,stage_1__cw0p05__ta0p9__sig0p1__spg8__pop17__dec0p9__th1__seed303,GridSearchOuts/history/stage_1__cw0p05__ta0p9__sig0p1__spg8__pop17__dec0p9__th1__seed303.csv,stage_1,validation,303,0.05,0.9,0.1,8,17,0.9,1.0,250,236,0.04457078405618843,0.052654538759861175,0.057522421363405705,0.055812417101986034,0.03420008522839312,0.738021893393476,0.6372877330483315,0.6839656908346734,0.783183893503493,0.6762854767842299,0.7258198131598456,0.8063149788217173,0.6962593516209477,0.74725666874783,84210.0,72716,0.8635078969243558,0.2800867641465109,0.23008676414651102,0.9999999999999973
stage_1__cw0p05__ta0p9__sig0p1__spg8__pop17__dec0p9__th1,stage_1__cw0p05__ta0p9__sig0p1__spg8__pop17__dec0p9__th1__seed505,GridSearchOuts/history/stage_1__cw0p05__ta0p9__sig0p1__spg8__pop17__dec0p9__th1__seed505.csv,stage_1,validation,505,0.05,0.9,0.1,8,17,0.9,1.0,250,155,0.05022339692270011,0.07096721354406574,0.07213913479236775,0.07078734252261562,0.02703584539504224,0.664631487134758,0.579123619522622,0.6189382305529779,0.717918665503707,0.6255551597197483,0.6685619280895612,0.7404600959441779,0.645196532478328,0.689553640551328,84210.0,73376,0.871345445909037,0.2800867641465109,0.23008676414651102,0.9999999999999973
stage_1__cw0p05__ta0p9__sig0p1__spg8__pop17__dec0p9__th1,stage_1__cw0p05__ta0p9__sig0p1__spg8__pop17__dec0p9__th1__seed404,GridSearchOuts/history/stage_1__cw0p05__ta0p9__sig0p1__spg8__pop17__dec0p9__th1__seed404.csv,stage_1,validation,404,0.05,0.9,0.1,8,17,0.9,1.0,250,174,0.049239305387399124,0.06862013435940857,0.07039278181735593,0.07020544828659898,0.003746670615138049,0.6175153216106306,0.6401377508609429,0.6286230722131382,0.6691792198865915,0.6936943355895975,0.6812162910697313,0.6940145483704679,0.7194394964968531,0.7064983528172022,84210.0,87295,1.0366346039662748,0.2800867641465109,0.23008676414651102,0.9999999999999973
stage_1__cw0p05__ta0p9__sig0p1__spg8__pop32__dec0p9__th1,stage_1__cw0p05__ta0p9__sig0p1__spg8__pop32__dec0p9__th1__seed101,GridSearchOuts/history/stage_1__cw0p05__ta0p9__sig0p1__spg8__pop32__dec0p9__th1__seed101.csv,stage_1,validation,101,0.05,0.9,0.1,8,32,0.9,1.0,250,181,0.04813134731726066,0.06771984233808463,0.06941691102551234,0.06861564591272472,0.01602530225575392,0.6817847446065778,0.6053319083244271,0.6412877334452203,0.7274466007730683,0.6458734117088232,0.6842373425081664,0.7504781521259379,0.6663222895143095,0.7059008535820955,84210.0,74767,0.8878636741479634,0.2800867641465109,0.23008676414651102,0.9999999999999973
stage_1__cw0p05__ta0p9__sig0p05__spg24__pop48__dec0p9__th1,stage_1__cw0p05__ta0p9__sig0p05__spg24__pop48__dec0p9__th1__seed303,GridSearchOuts/history/stage_1__cw0p05__ta0p9__sig0p05__spg24__pop48__dec0p9__th1__seed303.csv,stage_1,validation,303,0.05,0.9,0.05,24,48,0.9,1.0,250,149,0.06639036812659287,0.07033312445092374,0.07667455615668917,0.07515597382233237,0.03037164668713477,0.624570663201029,0.5592803705023156,0.5901251119863198,0.6789422732637553,0.6079681748010926,0.641498086042968,0.7066054875542058,0.6327395796223726,0.6676356528434968,84210.0,75407,0.8954637216482603,0.2800867641465109,0.23008676414651102,0.9999999999999973
stage_1__cw0p05__ta0p9__sig0p05__spg24__pop48__dec0p9__th1,stage_1__cw0p05__ta0p9__sig0p05__spg24__pop48__dec0p9__th1__seed202,GridSearchOuts/history/stage_1__cw0p05__ta0p9__sig0p05__spg24__pop48__dec0p9__th1__seed202.csv,stage_1,validation,202,0.05,0.9,0.05,24,48,0.9,1.0,250,156,0.05967989343108466,0.06281953849262606,0.06876157828458475,0.0684653675302014,0.005924215087666398,0.6138128119902371,0.5942999643747774,0.6038988071889441,0.6546674352716079,0.6338558365989787,0.6440935665452968,0.6770878049378779,0.6555634722717018,0.6661518133490836,84210.0,81533,0.9682104263151645,0.2800867641465109,0.23008676414651102,0.9999999999999973
stage_1__cw0p05__ta0p9__sig0p1__spg8__pop32__dec0p9__th1,stage_1__cw0p05__ta0p9__sig0p1__spg8__pop32__dec0p9__th1__seed303,GridSearchOuts/history/stage_1__cw0p05__ta0p9__sig0p1__spg8__pop32__dec0p9__th1__seed303.csv,stage_1,validation,303,0.05,0.9,0.1,8,32,0.9,1.0,250,164,0.04165775936666867,0.053765666644541577,0.054875807356728167,0.05367103846764253,0.024095377781711627,0.705708754687352,0.6190476190476191,0.6595436458980718,0.7637710000135375,0.6699798123738273,0.7138076531349596,0.7879083241955354,0.6911530697066857,0.736365994217583,84210.0,73869,0.8771998574991093,0.2800867641465109,0.23008676414651102,0.9999999999999973
stage_1__cw0p05__ta0p9__sig0p1__spg8__pop32__dec0p9__th1,stage_1__cw0p05__ta0p9__sig0p1__spg8__pop32__dec0p9__th1__seed202,GridSearchOuts/history/stage_1__cw0p05__ta0p9__sig0p1__spg8__pop32__dec0p9__th1__seed202.csv,stage_1,validation,202,0.05,0.9,0.1,8,32,0.9,1.0,250,188,0.05465476270413074,0.06788825721333955,0.07119127947317812,0.06909017835031853,0.0420220224571922,0.664930746399912,0.5746467165419784,0.6165008344688184,0.7227382653622073,0.6246051537822112,0.6700979705191668,0.7507694844454216,0.6488303051894074,0.6960875492077123,84210.0,72776,0.8642204013775087,0.2800867641465109,0.23008676414651102,0.9999999999999973
stage_1__cw0p05__ta0p9__sig0p1__spg8__pop32__dec0p9__th1,stage_1__cw0p05__ta0p9__sig0p1__spg8__pop32__dec0p9__th1__seed404,GridSearchOuts/history/stage_1__cw0p05__ta0p9__sig0p1__spg8__pop32__dec0p9__th1__seed404.csv,stage_1,validation,404,0.05,0.9,0.1,8,32,0.9,1.0,250,174,0.04751545058322619,0.0659682987670977,0.06720028832948939,0.06592198851590822,0.0255659962716235,0.6290567545963229,0.5607053794086213,0.592917686946196,0.6805355715427658,0.6065906661916637,0.6414390657369287,0.7058220090594192,0.6291295570597316,0.665272807182273,84210.0,75060,0.8913430708941931,0.2800867641465109,0.23008676414651102,0.9999999999999973
stage_1__cw0p05__ta0p9__sig0p1__spg8__pop32__dec0p9__th1,stage_1__cw0p05__ta0p9__sig0p1__spg8__pop32__dec0p9__th1__seed505,GridSearchOuts/history/stage_1__cw0p05__ta0p9__sig0p1__spg8__pop32__dec0p9__th1__seed505.csv,stage_1,validation,505,0.05,0.9,0.1,8,32,0.9,1.0,250,137,0.06309499425690575,0.07476327050850332,0.08052613434400112,0.07683490270400861,0.07382463279984998,0.6973322332233224,0.5419665122907018,0.609910596158751,0.7411227233834494,0.5760004750029688,0.6482112549942292,0.7623456790123457,0.5924949530934568,0.6667735770886042,84210.0,65448,0.7771998574991094,0.2800867641465109,0.23008676414651102,0.9999999999999973
stage_1__cw0p05__ta0p9__sig0p05__spg24__pop48__dec0p9__th1,stage_1__cw0p05__ta0p9__sig0p05__spg24__pop48__dec0p9__th1__seed404,GridSearchOuts/history/stage_1__cw0p05__ta0p9__sig0p05__spg24__pop48__dec0p9__th1__seed404.csv,stage_1,validation,404,0.05,0.9,0.05,24,48,0.9,1.0,250,174,0.05107276059217011,0.06029396760000123,0.061979242316911334,0.061586666320042525,0.007851519937375644,0.6319806609156615,0.6115900724379527,0.6216181964111522,0.6826966733339059,0.6606697541859636,0.6715026281957307,0.7048826279557754,0.6821398883743024,0.6933248040163253,84210.0,81493,0.967735423346396,0.2800867641465109,0.23008676414651102,0.9999999999999973
stage_1__cw0p05__ta0p9__sig0p1__spg8__pop48__dec0p9__th1,stage_1__cw0p05__ta0p9__sig0p1__spg8__pop48__dec0p9__th1__seed404,GridSearchOuts/history/stage_1__cw0p05__ta0p9__sig0p1__spg8__pop48__dec0p9__th1__seed404.csv,stage_1,validation,404,0.05,0.9,0.1,8,48,0.9,1.0,250,122,0.04274928475353823,0.06021765794904682,0.05967632322601294,0.059429995138953445,0.00492656174118885,0.7011132533117731,0.669350433440209,0.6848637647697077,0.7521238883015113,0.7180501128132051,0.7346921417934918,0.7751974625287642,0.7400783754898468,0.7572309468115656,84210.0,80395,0.954696591853699,0.2800867641465109,0.23008676414651102,0.9999999999999973
stage_1__cw0p05__ta0p9__sig0p1__spg8__pop48__dec0p9__th1,stage_1__cw0p05__ta0p9__sig0p1__spg8__pop48__dec0p9__th1__seed101,GridSearchOuts/history/stage_1__cw0p05__ta0p9__sig0p1__spg8__pop48__dec0p9__th1__seed101.csv,stage_1,validation,101,0.05,0.9,0.1,8,48,0.9,1.0,250,173,0.04514353396790485,0.05639885897461244,0.05875324128399704,0.057013874576556225,0.03478733414881676,0.7143128966932601,0.6241182757392234,0.6661765544685015,0.7714503173546081,0.6740410877567985,0.7194635806493657,0.7948679614553461,0.694501840636504,0.7413031491816275,84210.0,73577,0.873732335827099,0.2800867641465109,0.23008676414651102,0.9999999999999973
stage_1__cw0p05__ta0p9__sig0p1__spg8__pop48__dec0p9__th1,stage_1__cw0p05__ta0p9__sig0p1__spg8__pop48__dec0p9__th1__seed202,GridSearchOuts/history/stage_1__cw0p05__ta0p9__sig0p1__spg8__pop48__dec0p9__th1__seed202.csv,stage_1,validation,202,0.05,0.9,0.1,8,48,0.9,1.0,250,164,0.04607676685284204,0.06326032233816696,0.06557649477694599,0.06503644561261042,0.010800983286712227,0.6176079450483755,0.6011281320508253,0.6092566181023207,0.6640313312104242,0.6463127894549341,0.6550522648078624,0.6876395446725961,0.6692910580691129,0.6783412467724415,84210.0,81963,0.9733167082294264,0.2800867641465109,0.23008676414651102,0.9999999999999973
stage_1__cw0p05__ta0p9__sig0p1__spg8__pop48__dec0p9__th1,stage_1__cw0p05__ta0p9__sig0p1__spg8__pop48__dec0p9__th1__seed303,GridSearchOuts/history/stage_1__cw0p05__ta0p9__sig0p1__spg8__pop48__dec0p9__th1__seed303.csv,stage_1,validation,303,0.05,0.9,0.1,8,48,0.9,1.0,250,164,0.03574980120424724,0.05708355142506117,0.05530415668288075,0.05406938401460036,0.024695453365607828,0.7444517189316302,0.6616435102719392,0.700609230884804,0.7972155044559945,0.7085381783636148,0.7502656347250335,0.8185000601258635,0.7274551715948224,0.7702966935544802,84210.0,74843,0.8887661797886237,0.2800867641465109,0.23008676414651102,0.9999999999999973
stage_1__cw0p05__ta0p9__sig0p05__spg24__pop48__dec0p9__th1,stage_1__cw0p05__ta0p9__sig0p05__spg24__pop48__dec0p9__th1__seed505,GridSearchOuts/history/stage_1__cw0p05__ta0p9__sig0p05__spg24__pop48__dec0p9__th1__seed505.csv,stage_1,validation,505,0.05,0.9,0.05,24,48,0.9,1.0,250,199,0.05371475275683974,0.05810945068786455,0.06210983038092348,0.06072334142355872,0.027729779147294856,0.678834878002648,0.5966749792186201,0.6351088302950249,0.7368342835526493,0.6476546728417053,0.6893722982020959,0.7658272312140291,0.6731385821161382,0.7164977121616984,84210.0,74018,0.8789692435577723,0.2800867641465109,0.23008676414651102,0.9999999999999973
stage_1__cw0p05__ta0p9__sig0p1__spg8__pop48__dec0p9__th1,stage_1__cw0p05__ta0p9__sig0p1__spg8__pop48__dec0p9__th1__seed505,GridSearchOuts/history/stage_1__cw0p05__ta0p9__sig0p1__spg8__pop48__dec0p9__th1__seed505.csv,stage_1,validation,505,0.05,0.9,0.1,8,48,0.9,1.0,250,192,0.052716320417446796,0.06455361087311356,0.06653578138109668,0.06474245956784962,0.03586643626494071,0.6679856260346428,0.5893836836480228,0.6262278327682057,0.7233280844133996,0.6382139888374302,0.6781106673979789,0.7482268071762157,0.6601828761429759,0.7014528960130277,84210.0,74301,0.8823298895618098,0.2800867641465109,0.23008676414651102,0.9999999999999973
stage_1__cw0p05__ta0p9__sig0p1__spg16__pop17__dec0p9__th1,stage_1__cw0p05__ta0p9__sig0p1__spg16__pop17__dec0p9__th1__seed101,GridSearchOuts/history/stage_1__cw0p05__ta0p9__sig0p1__spg16__pop17__dec0p9__th1__seed101.csv,stage_1,validation,101,0.05,0.9,0.1,16,17,0.9,1.0,250,235,0.04394660086556762,0.049525400869730694,0.0534311890110872,0.05227205981658928,0.023182583889958894,0.7112340911563146,0.6211495071844199,0.6631464178399374,0.7637876645273578,0.6670466690416815,0.7121467601450452,0.7875557489394104,0.6878042987768673,0.7343078463932544,84210.0,73544,0.8733404583778649,0.2800867641465109,0.23008676414651102,0.9999999999999973
stage_1__cw0p05__ta0p9__sig0p1__spg16__pop17__dec0p9__th1,stage_1__cw0p05__ta0p9__sig0p1__spg16__pop17__dec0p9__th1__seed202,GridSearchOuts/history/stage_1__cw0p05__ta0p9__sig0p1__spg16__pop17__dec0p9__th1__seed202.csv,stage_1,validation,202,0.05,0.9,0.1,16,17,0.9,1.0,250,250,0.039255765808548074,0.05099891303768471,0.05402947489707853,0.05317516477751487,0.017086202391273,0.7167651550361862,0.6409690060562878,0.6767514026889038,0.7658322820529845,0.6848474052962831,0.7230793342313919,0.7918730495983003,0.7081344258401615,0.7476663636643606,84210.0,75305,0.8942524640779005,0.2800867641465109,0.23008676414651102,0.9999999999999973
stage_1__cw0p05__ta0p9__sig0p1__spg16__pop17__dec0p9__th1,stage_1__cw0p05__ta0p9__sig0p1__spg16__pop17__dec0p9__th1__seed404,GridSearchOuts/history/stage_1__cw0p05__ta0p9__sig0p1__spg16__pop17__dec0p9__th1__seed404.csv,stage_1,validation,404,0.05,0.9,0.1,16,17,0.9,1.0,250,174,0.05138771612502728,0.05964101655745614,0.06449414477093743,0.06346135517534585,0.02065579191183149,0.6744632873897555,0.6002731267070419,0.6352092587817104,0.7240716773186385,0.6444246526540791,0.6819304209046457,0.7486890736120192,0.6663341645885287,0.7051150750511802,84210.0,74947,0.890001187507422,0.2800867641465109,0.23008676414651102,0.9999999999999973
stage_1__cw0p05__ta0p9__sig0p1__spg16__pop17__dec0p9__th1,stage_1__cw0p05__ta0p9__sig0p1__spg16__pop17__dec0p9__th1__seed303,GridSearchOuts/history/stage_1__cw0p05__ta0p9__sig0p1__spg16__pop17__dec0p9__th1__seed303.csv,stage_1,validation,303,0.05,0.9,0.1,16,17,0.9,1.0,250,250,0.04083483260381935,0.04847725577275814,0.04908346933265051,0.04864464511139379,0.008776484425135013,0.7576117193680934,0.7050350314689466,0.7303784076365443,0.7933670214123472,0.738308989431184,0.7648484401136626,0.8107214863588801,0.7544590903693148,0.7815790768620142,84210.0,78366,0.9306020662629142,0.2800867641465109,0.23008676414651102,0.9999999999999973
stage_1__cw0p05__ta0p9__sig0p1__spg16__pop32__dec0p9__th1,stage_1__cw0p05__ta0p9__sig0p1__spg16__pop32__dec0p9__th1__seed101,GridSearchOuts/history/stage_1__cw0p05__ta0p9__sig0p1__spg16__pop32__dec0p9__th1__seed101.csv,stage_1,validation,101,0.05,0.9,0.1,16,32,0.9,1.0,250,133,0.04941244708687483,0.056183057464755486,0.05882879854408693,0.0585546579516038,0.00548281184966325,0.6451346893897746,0.6131575822348889,0.6287398171031131,0.6928757059323305,0.6585322408265052,0.6752675864247405,0.7147658553650857,0.6793373708585678,0.6966014393039582,84210.0,80036,0.9504334402090013,0.2800867641465109,0.23008676414651102,0.9999999999999973
stage_1__cw0p05__ta0p9__sig0p1__spg16__pop17__dec0p9__th1,stage_1__cw0p05__ta0p9__sig0p1__spg16__pop17__dec0p9__th1__seed505,GridSearchOuts/history/stage_1__cw0p05__ta0p9__sig0p1__spg16__pop17__dec0p9__th1__seed505.csv,stage_1,validation,505,0.05,0.9,0.1,16,17,0.9,1.0,250,250,0.03989921212195147,0.052408889904659535,0.05165705654393217,0.05142176838738696,0.0047057631309039396,0.7200878564514929,0.6890986818667617,0.7042525304007237,0.7624028987665351,0.729592684954281,0.7456370300245009,0.783411510684238,0.74969718560741,0.7661836452336078,84210.0,80586,0.9569647310295689,0.2800867641465109,0.23008676414651102,0.9999999999999973
stage_1__cw0p05__ta0p9__sig0p1__spg16__pop32__dec0p9__th1,stage_1__cw0p05__ta0p9__sig0p1__spg16__pop32__dec0p9__th1__seed505,GridSearchOuts/history/stage_1__cw0p05__ta0p9__sig0p1__spg16__pop32__dec0p9__th1__seed505.csv,stage_1,validation,505,0.05,0.9,0.1,16,32,0.9,1.0,250,123,0.049849167798461894,0.06606731636419623,0.0673591092816183,0.06633991647744847,0.02038385608339693,0.7016225402979526,0.6275026718916993,0.662495925377501,0.7480680882704411,0.6690416815105095,0.7063513954008206,0.766324986058369,0.6853699085619285,0.7235901807873454,84210.0,75314,0.8943593397458734,0.2800867641465109,0.23008676414651102,0.9999999999999973
stage_1__cw0p05__ta0p9__sig0p1__spg16__pop32__dec0p9__th1,stage_1__cw0p05__ta0p9__sig0p1__spg16__pop32__dec0p9__th1__seed404,GridSearchOuts/history/stage_1__cw0p05__ta0p9__sig0p1__spg16__pop32__dec0p9__th1__seed404.csv,stage_1,validation,404,0.05,0.9,0.1,16,32,0.9,1.0,250,157,0.052854114141581185,0.06298725853457104,0.06378021282266577,0.06316071910970568,0.012389874259202132,0.6768014241118651,0.6230495190594941,0.6488140875022832,0.7282319857588814,0.6703954399714999,0.6981178740133014,0.7500838471659658,0.6905118156988481,0.7190661093656127,84210.0,77522,0.9205795036218977,0.2800867641465109,0.23008676414651102,0.9999999999999973
stage_1__cw0p05__ta0p9__sig0p1__spg16__pop32__dec0p9__th1,stage_1__cw0p05__ta0p9__sig0p1__spg16__pop32__dec0p9__th1__seed303,GridSearchOuts/history/stage_1__cw0p05__ta0p9__sig0p1__spg16__pop32__dec0p9__th1__seed303.csv,stage_1,validation,303,0.05,0.9,0.1,16,32,0.9,1.0,250,196,0.049817719814404124,0.0555377972818379,0.05880369099719379,0.05662003429642239,0.043673134015427356,0.7154767733202776,0.5900368127300796,0.6467303587228868,0.7658180456757768,0.6315520722004513,0.692234601967537,0.7872159663623535,0.649198432490203,0.7115765085640905,84210.0,69446,0.8246764042275264,0.2800867641465109,0.23008676414651102,0.9999999999999973
stage_1__cw0p05__ta0p9__sig0p1__spg16__pop32__dec0p9__th1,stage_1__cw0p05__ta0p9__sig0p1__spg16__pop32__dec0p9__th1__seed202,GridSearchOuts/history/stage_1__cw0p05__ta0p9__sig0p1__spg16__pop32__dec0p9__th1__seed202.csv,stage_1,validation,202,0.05,0.9,0.1,16,32,0.9,1.0,250,250,0.046201279837806815,0.05797556083234447,0.05998364886313017,0.059655051059750025,0.006571956067602037,0.6826151154566774,0.6532953330958319,0.6676334775454187,0.724169592892683,0.6930649566559791,0.7082759415782336,0.7421612298834886,0.7102838142738392,0.7258727086273771,84210.0,80593,0.9570478565491034,0.2800867641465109,0.23008676414651102,0.9999999999999973
stage_1__cw0p05__ta0p9__sig0p1__spg16__pop48__dec0p9__th1,stage_1__cw0p05__ta0p9__sig0p1__spg16__pop48__dec0p9__th1__seed101,GridSearchOuts/history/stage_1__cw0p05__ta0p9__sig0p1__spg16__pop48__dec0p9__th1__seed101.csv,stage_1,validation,101,0.05,0.9,0.1,16,48,0.9,1.0,250,138,0.05810224155449526,0.06430377087336604,0.06885717209315978,0.06840028177953691,0.009137806272457149,0.609292100609157,0.5891343070894193,0.5990436746073704,0.65689477303989,0.6351620947630923,0.6458456597070481,0.6812856160345844,0.658745992162451,0.6698262434036321,84210.0,81424,0.9669160432252701,0.2800867641465109,0.23008676414651102,0.9999999999999973
stage_1__cw0p05__ta0p9__sig0p1__spg16__pop48__dec0p9__th1,stage_1__cw0p05__ta0p9__sig0p1__spg16__pop48__dec0p9__th1__seed303,GridSearchOuts/history/stage_1__cw0p05__ta0p9__sig0p1__spg16__pop48__dec0p9__th1__seed303.csv,stage_1,validation,303,0.05,0.9,0.1,16,48,0.9,1.0,250,127,0.055146684621171976,0.0654572738112222,0.07020548647754296,0.0694142288708159,0.01582515213454102,0.6448914021334019,0.5958793492459328,0.6194173558814906,0.696812749003984,0.6438546490915569,0.6692877422535436,0.724084307929572,0.6690535565847286,0.6954820392539138,84210.0,77810,0.9239995249970312,0.2800867641465109,0.23008676414651102,0.9999999999999973
stage_1__cw0p05__ta0p9__sig0p1__spg16__pop48__dec0p9__th1,stage_1__cw0p05__ta0p9__sig0p1__spg16__pop48__dec0p9__th1__seed202,GridSearchOuts/history/stage_1__cw0p05__ta0p9__sig0p1__spg16__pop48__dec0p9__th1__seed202.csv,stage_1,validation,202,0.05,0.9,0.1,16,48,0.9,1.0,250,152,0.04564381950627098,0.05421644965998901,0.056570611605069016,0.05533800741917199,0.024652083717940237,0.7163222440544752,0.6277282983018644,0.6691054080562091,0.7707432752896538,0.6754185963662273,0.7199392424285392,0.7952300291347653,0.6968768554803467,0.7428119363306309,84210.0,73795,0.8763211020068875,0.2800867641465109,0.23008676414651102,0.9999999999999973
stage_1__cw0p05__ta0p9__sig0p1__spg16__pop48__dec0p9__th1,stage_1__cw0p05__ta0p9__sig0p1__spg16__pop48__dec0p9__th1__seed505,GridSearchOuts/history/stage_1__cw0p05__ta0p9__sig0p1__spg16__pop48__dec0p9__th1__seed505.csv,stage_1,validation,505,0.05,0.9,0.1,16,48,0.9,1.0,250,119,0.05719822862065571,0.067655651593784,0.07226341737664066,0.07169078849900666,0.011452577552678691,0.5928266589452746,0.5591972449827811,0.5755211038658435,0.6413077688114511,0.6049281558009738,0.6225869728611566,0.6651139954427001,0.6273839211495071,0.6456982577923788,84210.0,79433,0.9432727704548154,0.2800867641465109,0.23008676414651102,0.9999999999999973
stage_1__cw0p05__ta0p9__sig0p1__spg24__pop17__dec0p9__th1,stage_1__cw0p05__ta0p9__sig0p1__spg24__pop17__dec0p9__th1__seed202,GridSearchOuts/history/stage_1__cw0p05__ta0p9__sig0p1__spg24__pop17__dec0p9__th1__seed202.csv,stage_1,validation,202,0.05,0.9,0.1,24,17,0.9,1.0,250,170,0.0547906863957727,0.06029725327512841,0.06350567676870242,0.06295296140637179,0.011054307246612558,0.6165750145565116,0.5658710366939793,0.590135917520167,0.671786245713916,0.6165419783873649,0.6429796588124671,0.7000841042893188,0.6425127657047857,0.6700640886709768,84210.0,77285,0.9177651110319439,0.2800867641465109,0.23008676414651102,0.9999999999999973
stage_1__cw0p05__ta0p9__sig0p1__spg24__pop17__dec0p9__th1,stage_1__cw0p05__ta0p9__sig0p1__spg24__pop17__dec0p9__th1__seed404,GridSearchOuts/history/stage_1__cw0p05__ta0p9__sig0p1__spg24__pop17__dec0p9__th1__seed404.csv,stage_1,validation,404,0.05,0.9,0.1,24,17,0.9,1.0,250,117,0.058666274477701,0.07401569700624445,0.07785318582610926,0.07651566435992359,0.02675042932371396,0.6509688735452976,0.5553140957130982,0.5993489099363166,0.6957096720307366,0.5934805842536516,0.6405418914930371,0.7157553315886185,0.6105806911293196,0.6589979877723393,84210.0,71836,0.8530578316114475,0.2800867641465109,0.23008676414651102,0.9999999999999973
stage_1__cw0p05__ta0p9__sig0p1__spg16__pop48__dec0p9__th1,stage_1__cw0p05__ta0p9__sig0p1__spg16__pop48__dec0p9__th1__seed404,GridSearchOuts/history/stage_1__cw0p05__ta0p9__sig0p1__spg16__pop48__dec0p9__th1__seed404.csv,stage_1,validation,404,0.05,0.9,0.1,16,48,0.9,1.0,250,176,0.059083071028228726,0.06853987054033243,0.07029919470306234,0.06974873789508697,0.011009136159506818,0.6318001400887229,0.6105450659066619,0.6209907782610786,0.682907946962901,0.6599334995843724,0.6712241903042946,0.7062806444081251,0.6825198907493172,0.6941970082187444,84210.0,81377,0.9663579147369671,0.2800867641465109,0.23008676414651102,0.9999999999999973
stage_1__cw0p05__ta0p9__sig0p1__spg24__pop17__dec0p9__th1,stage_1__cw0p05__ta0p9__sig0p1__spg24__pop17__dec0p9__th1__seed101,GridSearchOuts/history/stage_1__cw0p05__ta0p9__sig0p1__spg24__pop17__dec0p9__th1__seed101.csv,stage_1,validation,101,0.05,0.9,0.1,24,17,0.9,1.0,250,235,0.051469639621761876,0.06126891966797702,0.06349218914800316,0.06239329143641409,0.021977954231782018,0.6722834857450242,0.5936468352927206,0.630522797502182,0.7296395911780528,0.6442940268376678,0.6843160749190959,0.7586336740182894,0.6698966868542928,0.7115091126942108,84210.0,74360,0.8830305189407434,0.2800867641465109,0.23008676414651102,0.9999999999999973
stage_1__cw0p05__ta0p9__sig0p1__spg24__pop17__dec0p9__th1,stage_1__cw0p05__ta0p9__sig0p1__spg24__pop17__dec0p9__th1__seed505,GridSearchOuts/history/stage_1__cw0p05__ta0p9__sig0p1__spg24__pop17__dec0p9__th1__seed505.csv,stage_1,validation,505,0.05,0.9,0.1,24,17,0.9,1.0,250,176,0.04329062714655735,0.05130110323795314,0.05275037957145164,0.05094976074576071,0.03601237651381903,0.7836523810843007,0.6718323239520247,0.7234469706652148,0.8249854558550572,0.7072675454221589,0.7616045625426605,0.8416350389229021,0.7215413846336539,0.7769750134262695,84210.0,72194,0.8573091081819262,0.2800867641465109,0.23008676414651102,0.9999999999999973
stage_1__cw0p05__ta0p9__sig0p1__spg24__pop17__dec0p9__th1,stage_1__cw0p05__ta0p9__sig0p1__spg24__pop17__dec0p9__th1__seed303,GridSearchOuts/history/stage_1__cw0p05__ta0p9__sig0p1__spg24__pop17__dec0p9__th1__seed303.csv,stage_1,validation,303,0.05,0.9,0.1,24,17,0.9,1.0,250,250,0.03982983124441827,0.04457597340159621,0.046925668714419555,0.045973630466930426,0.01904076494978283,0.7749539496516191,0.6894430590191188,0.7297018752194504,0.8181077978589925,0.7278351739698373,0.7703358302745004,0.834178702047572,0.7421327633297709,0.7854683022467491,84210.0,74918,0.8896568103550647,0.2800867641465109,0.23008676414651102,0.9999999999999973
stage_1__cw0p05__ta0p9__sig0p1__spg24__pop32__dec0p9__th1,stage_1__cw0p05__ta0p9__sig0p1__spg24__pop32__dec0p9__th1__seed202,GridSearchOuts/history/stage_1__cw0p05__ta0p9__sig0p1__spg24__pop32__dec0p9__th1__seed202.csv,stage_1,validation,202,0.05,0.9,0.1,24,32,0.9,1.0,250,156,0.05429409281262457,0.056423657465960966,0.06235478624990071,0.06209344356413359,0.005226853715342885,0.6352833405430164,0.592946205913787,0.613385091641189,0.6810096949031782,0.6356252226576417,0.6575352562522645,0.7045471894959159,0.6575941099631872,0.6802614122151165,84210.0,78598,0.9333570834817717,0.2800867641465109,0.23008676414651102,0.9999999999999973
stage_1__cw0p05__ta0p9__sig0p1__spg24__pop32__dec0p9__th1,stage_1__cw0p05__ta0p9__sig0p1__spg24__pop32__dec0p9__th1__seed303,GridSearchOuts/history/stage_1__cw0p05__ta0p9__sig0p1__spg24__pop32__dec0p9__th1__seed303.csv,stage_1,validation,303,0.05,0.9,0.1,24,32,0.9,1.0,250,156,0.04486337100310506,0.05000508872087339,0.05311169223467127,0.05133249254496953,0.035583993794034895,0.7581359816653934,0.6481653010331314,0.6988508690497894,0.8105840683380791,0.693005581284883,0.7471975929062602,0.8304048892284186,0.7099513121957012,0.7654684549145186,84210.0,71995,0.8549459684123025,0.2800867641465109,0.23008676414651102,0.9999999999999973
stage_1__cw0p05__ta0p9__sig0p1__spg24__pop32__dec0p9__th1,stage_1__cw0p05__ta0p9__sig0p1__spg24__pop32__dec0p9__th1__seed101,GridSearchOuts/history/stage_1__cw0p05__ta0p9__sig0p1__spg24__pop32__dec0p9__th1__seed101.csv,stage_1,validation,101,0.05,0.9,0.1,24,32,0.9,1.0,250,197,0.04423514081713048,0.05220024803911048,0.055874575652340275,0.05467622425774362,0.02396702789193321,0.7136413211789894,0.6293789336183351,0.6688667756199389,0.7734660077827299,0.6821398883743024,0.7249380036214786,0.801042185627533,0.7064600403752523,0.7507840254416795,84210.0,74267,0.8819261370383565,0.2800867641465109,0.23008676414651102,0.9999999999999973
stage_1__cw0p05__ta0p9__sig0p15__spg8__pop17__dec0p9__th1,stage_1__cw0p05__ta0p9__sig0p15__spg8__pop17__dec0p9__th1__seed101,GridSearchOuts/history/stage_1__cw0p05__ta0p9__sig0p15__spg8__pop17__dec0p9__th1__seed101.csv,stage_1,validation,101,0.05,0.9,0.15,8,17,0.9,1.0,250,91,0.05841998855294008,0.09043429655664784,0.09195875058815706,0.08771213176290575,0.08493237650502883,0.6858972264872105,0.49865811661322884,0.5774795093234576,0.7385417006958283,0.5369314808217551,0.6218026294070705,0.7630916990624286,0.5547797173732336,0.6424720831724042,84210.0,61222,0.7270157938487115,0.2800867641465109,0.23008676414651102,0.9999999999999973
stage_1__cw0p05__ta0p9__sig0p1__spg24__pop32__dec0p9__th1,stage_1__cw0p05__ta0p9__sig0p1__spg24__pop32__dec0p9__th1__seed404,GridSearchOuts/history/stage_1__cw0p05__ta0p9__sig0p1__spg24__pop32__dec0p9__th1__seed404.csv,stage_1,validation,404,0.05,0.9,0.1,24,32,0.9,1.0,250,197,0.05146715642068122,0.05479924278625645,0.05959404349318761,0.058515254871961596,0.021575772424521328,0.696964711688739,0.6037050231563947,0.646991447769814,0.7485536453620685,0.6483909274432965,0.6948813887187044,0.7762605906062351,0.6723904524403278,0.7206017104454403,84210.0,72942,0.8661916636978981,0.2800867641465109,0.23008676414651102,0.9999999999999973
stage_1__cw0p05__ta0p9__sig0p1__spg24__pop32__dec0p9__th1,stage_1__cw0p05__ta0p9__sig0p1__spg24__pop32__dec0p9__th1__seed505,GridSearchOuts/history/stage_1__cw0p05__ta0p9__sig0p1__spg24__pop32__dec0p9__th1__seed505.csv,stage_1,validation,505,0.05,0.9,0.1,24,32,0.9,1.0,250,215,0.03983330549288175,0.04650989631172857,0.048038167661581054,0.046499883876819324,0.030765675695235098,0.812717209422062,0.6748129675810474,0.7373727543448337,0.855322435319861,0.7101888136800855,0.7760281838171659,0.8727993020694784,0.7247001543759648,0.7918848252455611,84210.0,69921,0.830317064481653,0.2800867641465109,0.23008676414651102,0.9999999999999973
stage_1__cw0p05__ta0p9__sig0p15__spg8__pop17__dec0p9__th1,stage_1__cw0p05__ta0p9__sig0p15__spg8__pop17__dec0p9__th1__seed202,GridSearchOuts/history/stage_1__cw0p05__ta0p9__sig0p15__spg8__pop17__dec0p9__th1__seed202.csv,stage_1,validation,202,0.05,0.9,0.15,8,17,0.9,1.0,250,170,0.03915142581373855,0.05891890773431667,0.05921469453474718,0.05800209053997058,0.02425207989553243,0.6725441824726008,0.59244745279658,0.6299600356075857,0.7365228292959114,0.648806555040969,0.6898876830117944,0.7614887909302921,0.6707991924949531,0.713272850098308,84210.0,74181,0.8809048806555041,0.2800867641465109,0.23008676414651102,0.9999999999999973
stage_1__cw0p05__ta0p9__sig0p15__spg8__pop17__dec0p9__th1,stage_1__cw0p05__ta0p9__sig0p15__spg8__pop17__dec0p9__th1__seed303,GridSearchOuts/history/stage_1__cw0p05__ta0p9__sig0p15__spg8__pop17__dec0p9__th1__seed303.csv,stage_1,validation,303,0.05,0.9,0.15,8,17,0.9,1.0,250,156,0.050426626496097686,0.06655070778488843,0.06827079478264345,0.0675955093453423,0.013505708746022287,0.667824220229827,0.6280133000831255,0.6473072215417282,0.714294734183609,0.6717135732098326,0.6923500611990108,0.7376183861598686,0.6936468352927205,0.7149571603422176,84210.0,79190,0.9403871274195463,0.2800867641465109,0.23008676414651102,0.9999999999999973
stage_1__cw0p05__ta0p9__sig0p15__spg8__pop17__dec0p9__th1,stage_1__cw0p05__ta0p9__sig0p15__spg8__pop17__dec0p9__th1__seed505,GridSearchOuts/history/stage_1__cw0p05__ta0p9__sig0p15__spg8__pop17__dec0p9__th1__seed505.csv,stage_1,validation,505,0.05,0.9,0.15,8,17,0.9,1.0,250,123,0.048455160663222314,0.064702359986922,0.06853378824940749,0.06682418355202505,0.03419209394764844,0.7010045786919975,0.6090606816292602,0.6518061953926716,0.7520399097929338,0.6534022087638047,0.6992597299439027,0.7706690357411331,0.6695879349245932,0.716581413819995,84210.0,73165,0.8688398052487828,0.2800867641465109,0.23008676414651102,0.9999999999999973
stage_1__cw0p05__ta0p9__sig0p15__spg8__pop17__dec0p9__th1,stage_1__cw0p05__ta0p9__sig0p15__spg8__pop17__dec0p9__th1__seed404,GridSearchOuts/history/stage_1__cw0p05__ta0p9__sig0p15__spg8__pop17__dec0p9__th1__seed404.csv,stage_1,validation,404,0.05,0.9,0.15,8,17,0.9,1.0,250,174,0.052110946782451116,0.0707695600617564,0.07491728079406572,0.07390435915436994,0.020258432793914687,0.5966357263655259,0.5488184301151883,0.5717290052014232,0.6587185809633235,0.6059256620353877,0.631220194097391,0.6892888033978389,0.6340458377864862,0.6605142542566032,84210.0,77461,0.9198551240945256,0.2800867641465109,0.23008676414651102,0.9999999999999973
stage_1__cw0p05__ta0p9__sig0p1__spg24__pop48__dec0p9__th1,stage_1__cw0p05__ta0p9__sig0p1__spg24__pop48__dec0p9__th1__seed101,GridSearchOuts/history/stage_1__cw0p05__ta0p9__sig0p1__spg24__pop48__dec0p9__th1__seed101.csv,stage_1,validation,101,0.05,0.9,0.1,24,48,0.9,1.0,250,174,0.048437855328882645,0.062490479259743194,0.06294255666692787,0.06264342639068513,0.0059826055248541135,0.6846973933885948,0.6513121957012231,0.6675876675141368,0.7353440527314491,0.6994893718085738,0.7169687306006663,0.7591381204434235,0.7221232632703954,0.7401682145156098,84210.0,80104,0.9512409452559079,0.2800867641465109,0.23008676414651102,0.9999999999999973
stage_1__cw0p05__ta0p9__sig0p1__spg24__pop48__dec0p9__th1,stage_1__cw0p05__ta0p9__sig0p1__spg24__pop48__dec0p9__th1__seed303,GridSearchOuts/history/stage_1__cw0p05__ta0p9__sig0p1__spg24__pop48__dec0p9__th1__seed303.csv,stage_1,validation,303,0.05,0.9,0.1,24,48,0.9,1.0,250,149,0.06028680489096568,0.06497004788250178,0.06811822677638736,0.06716787182226727,0.01900709908240356,0.6295093841756024,0.5779361121007006,0.602621330971944,0.6905226940538862,0.6339508371927325,0.6610285969002135,0.7171553853914708,0.6584016150100939,0.6865237337554831,84210.0,77311,0.9180738629616435,0.2800867641465109,0.23008676414651102,0.9999999999999973
stage_1__cw0p05__ta0p9__sig0p15__spg8__pop32__dec0p9__th1,stage_1__cw0p05__ta0p9__sig0p15__spg8__pop32__dec0p9__th1__seed101,GridSearchOuts/history/stage_1__cw0p05__ta0p9__sig0p15__spg8__pop32__dec0p9__th1__seed101.csv,stage_1,validation,101,0.05,0.9,0.15,8,32,0.9,1.0,250,181,0.0452633857424747,0.05876621367593066,0.06065894985305654,0.05953103654145766,0.022558266231978256,0.7028430726174298,0.6203063769148557,0.6590004478614343,0.7506626660028795,0.6625103906899418,0.7038371044144114,0.7731596722326126,0.6823655147844674,0.7249307706374213,84210.0,74321,0.8825673910461941,0.2800867641465109,0.23008676414651102,0.9999999999999973
stage_1__cw0p05__ta0p9__sig0p1__spg24__pop48__dec0p9__th1,stage_1__cw0p05__ta0p9__sig0p1__spg24__pop48__dec0p9__th1__seed404,GridSearchOuts/history/stage_1__cw0p05__ta0p9__sig0p1__spg24__pop48__dec0p9__th1__seed404.csv,stage_1,validation,404,0.05,0.9,0.1,24,48,0.9,1.0,250,114,0.06897101263450103,0.08030592172352512,0.08252977645792345,0.08159970331518585,0.01860146285475046,0.6010779859673647,0.5310414440090251,0.5638933723388542,0.6598833301970483,0.5829948937180858,0.619060829213665,0.6864835076211726,0.60649566559791,0.6440154342777225,84210.0,74398,0.8834817717610735,0.2800867641465109,0.23008676414651102,0.9999999999999973
stage_1__cw0p05__ta0p9__sig0p15__spg8__pop32__dec0p9__th1,stage_1__cw0p05__ta0p9__sig0p15__spg8__pop32__dec0p9__th1__seed202,GridSearchOuts/history/stage_1__cw0p05__ta0p9__sig0p15__spg8__pop32__dec0p9__th1__seed202.csv,stage_1,validation,202,0.05,0.9,0.15,8,32,0.9,1.0,250,170,0.033565466894197975,0.05083202644364336,0.050649222188316106,0.049726447380138455,0.018455496163553863,0.7267141738657324,0.6503146894668091,0.6863950566214847,0.7845588332868878,0.7020781379883624,0.7410304135561893,0.807741815624295,0.722823892649329,0.7629271716578018,84210.0,75357,0.8948699679372996,0.2800867641465109,0.23008676414651102,0.9999999999999973
stage_1__cw0p05__ta0p9__sig0p1__spg24__pop48__dec0p9__th1,stage_1__cw0p05__ta0p9__sig0p1__spg24__pop48__dec0p9__th1__seed505,GridSearchOuts/history/stage_1__cw0p05__ta0p9__sig0p1__spg24__pop48__dec0p9__th1__seed505.csv,stage_1,validation,505,0.05,0.9,0.1,24,48,0.9,1.0,250,123,0.0506428522892147,0.05881676518324042,0.05969843250131393,0.0587309699144277,0.01934925173772431,0.6901236856741796,0.6188576178601116,0.652550649870529,0.7391344651322933,0.6628072675454222,0.6988930905807541,0.7600842227931245,0.6815936349602185,0.7187022614004182,84210.0,75514,0.8967343545897162,0.2800867641465109,0.23008676414651102,0.9999999999999973
stage_1__cw0p05__ta0p9__sig0p15__spg8__pop32__dec0p9__th1,stage_1__cw0p05__ta0p9__sig0p15__spg8__pop32__dec0p9__th1__seed404,GridSearchOuts/history/stage_1__cw0p05__ta0p9__sig0p15__spg8__pop32__dec0p9__th1__seed404.csv,stage_1,validation,404,0.05,0.9,0.15,8,32,0.9,1.0,250,174,0.04159326558737202,0.05778095654697282,0.05972149071684188,0.05876151775240355,0.019199459288766926,0.6596814196851334,0.5906424415152595,0.6232558722356817,0.709431409737788,0.6351858449115307,0.6702588232340714,0.7335172486968977,0.6567509796936231,0.6930147173991142,84210.0,75397,0.8953449709060681,0.2800867641465109,0.23008676414651102,0.9999999999999973
stage_1__cw0p05__ta0p9__sig0p15__spg8__pop32__dec0p9__th1,stage_1__cw0p05__ta0p9__sig0p15__spg8__pop32__dec0p9__th1__seed505,GridSearchOuts/history/stage_1__cw0p05__ta0p9__sig0p15__spg8__pop32__dec0p9__th1__seed505.csv,stage_1,validation,505,0.05,0.9,0.15,8,32,0.9,1.0,250,155,0.045888208132423086,0.059835884606766566,0.06181992814211162,0.06041254481960746,0.0281476664500827,0.6870650839132214,0.5979693623085144,0.6394285714280737,0.7411379451494065,0.645030281439259,0.6897523809518833,0.7664483558466366,0.6670585441159007,0.7133079365074388,84210.0,73290,0.8703241895261845,0.2800867641465109,0.23008676414651102,0.9999999999999973
stage_1__cw0p05__ta0p9__sig0p15__spg8__pop32__dec0p9__th1,stage_1__cw0p05__ta0p9__sig0p15__spg8__pop32__dec0p9__th1__seed303,GridSearchOuts/history/stage_1__cw0p05__ta0p9__sig0p15__spg8__pop32__dec0p9__th1__seed303.csv,stage_1,validation,303,0.05,0.9,0.15,8,32,0.9,1.0,250,236,0.051947945576862324,0.06127796298964922,0.06273038315432485,0.061793160094704314,0.01874446119241121,0.6669575182976063,0.6081581759885999,0.6362021416676169,0.7171229130310213,0.6539009618810118,0.6840542622171958,0.7405125934415128,0.6752285951787199,0.7063653755367815,84210.0,76786,0.9118394489965562,0.2800867641465109,0.23008676414651102,0.9999999999999973
stage_1__cw0p05__ta0p9__sig0p15__spg8__pop48__dec0p9__th1,stage_1__cw0p05__ta0p9__sig0p15__spg8__pop48__dec0p9__th1__seed101,GridSearchOuts/history/stage_1__cw0p05__ta0p9__sig0p15__spg8__pop48__dec0p9__th1__seed101.csv,stage_1,validation,101,0.05,0.9,0.15,8,48,0.9,1.0,250,126,0.05081328581217004,0.0653521912165583,0.06736737350063506,0.06675822247977206,0.012183020417258878,0.6295687441503276,0.6230495190594941,0.626292167020294,0.6810458614317598,0.6739935874599217,0.6775013727404459,0.703052629052773,0.6957724735779599,0.6993936066077556,84210.0,83338,0.9896449352808455,0.2800867641465109,0.23008676414651102,0.9999999999999973
stage_1__cw0p05__ta0p9__sig0p1__spg24__pop48__dec0p9__th1,stage_1__cw0p05__ta0p9__sig0p1__spg24__pop48__dec0p9__th1__seed202,GridSearchOuts/history/stage_1__cw0p05__ta0p9__sig0p1__spg24__pop48__dec0p9__th1__seed202.csv,stage_1,validation,202,0.05,0.9,0.1,24,48,0.9,1.0,250,215,0.05834615305295168,0.0641911442643204,0.06676361760963609,0.06651179145909628,0.005036523010796162,0.6968202561460327,0.6745279657997862,0.685492922051562,0.7282251337160803,0.7049281558009738,0.7163872898634925,0.7444918788949408,0.7206745042156514,0.7323896069410784,84210.0,81516,0.9680085500534379,0.2800867641465109,0.23008676414651102,0.9999999999999973
stage_1__cw0p05__ta0p9__sig0p15__spg8__pop48__dec0p9__th1,stage_1__cw0p05__ta0p9__sig0p15__spg8__pop48__dec0p9__th1__seed303,GridSearchOuts/history/stage_1__cw0p05__ta0p9__sig0p15__spg8__pop48__dec0p9__th1__seed303.csv,stage_1,validation,303,0.05,0.9,0.15,8,48,0.9,1.0,250,127,0.045829982145046924,0.059134630420694334,0.06261436371534676,0.061366883053731086,0.024949613232313483,0.6881141130703314,0.6112456952855956,0.647406186915037,0.7353314706629414,0.6531884574278589,0.6918302277167323,0.7611192064489393,0.6760954755967225,0.7160923949609199,84210.0,74803,0.8882911768198551,0.2800867641465109,0.23008676414651102,0.9999999999999973
stage_1__cw0p05__ta0p9__sig0p15__spg16__pop17__dec0p9__th1,stage_1__cw0p05__ta0p9__sig0p15__spg16__pop17__dec0p9__th1__seed101,GridSearchOuts/history/stage_1__cw0p05__ta0p9__sig0p15__spg16__pop17__dec0p9__th1__seed101.csv,stage_1,validation,101,0.05,0.9,0.15,16,17,0.9,1.0,250,140,0.05904174563572337,0.07066766682745981,0.07483509580256949,0.0744698700073742,0.007304515903906317,0.6498014555900209,0.6393302458140363,0.6445233235361298,0.6969210529491991,0.6856905355658472,0.6912601832836504,0.7144460671309427,0.7029331433321458,0.7086428473085989,84210.0,82853,0.9838855242845268,0.2800867641465109,0.23008676414651102,0.9999999999999973
stage_1__cw0p05__ta0p9__sig0p15__spg8__pop48__dec0p9__th1,stage_1__cw0p05__ta0p9__sig0p15__spg8__pop48__dec0p9__th1__seed202,GridSearchOuts/history/stage_1__cw0p05__ta0p9__sig0p15__spg8__pop48__dec0p9__th1__seed202.csv,stage_1,validation,202,0.05,0.9,0.15,8,48,0.9,1.0,250,170,0.04300322075520329,0.06054245555118023,0.06205836654556816,0.061880194680957915,0.003563437292204921,0.667292328424295,0.6585916161976012,0.6629134244146995,0.7178506112234094,0.7084906780667379,0.7131399337798757,0.7397728366541534,0.7301270632941456,0.7349183012390261,84210.0,83112,0.9869611685073032,0.2800867641465109,0.23008676414651102,0.9999999999999973
stage_1__cw0p05__ta0p9__sig0p15__spg8__pop48__dec0p9__th1,stage_1__cw0p05__ta0p9__sig0p15__spg8__pop48__dec0p9__th1__seed505,GridSearchOuts/history/stage_1__cw0p05__ta0p9__sig0p15__spg8__pop48__dec0p9__th1__seed505.csv,stage_1,validation,505,0.05,0.9,0.15,8,48,0.9,1.0,250,155,0.04118473255600845,0.05573952757914553,0.05711792578152257,0.05681981503245972,0.00596221498125649,0.6586864033431513,0.6214226338914618,0.6395121474306975,0.7063288271278604,0.6663697898111863,0.6857677078745553,0.7274123303879365,0.6862605391283696,0.7062374737248757,84210.0,79446,0.9434271464196651,0.2800867641465109,0.23008676414651102,0.9999999999999973
stage_1__cw0p05__ta0p9__sig0p15__spg8__pop48__dec0p9__th1,stage_1__cw0p05__ta0p9__sig0p15__spg8__pop48__dec0p9__th1__seed404,GridSearchOuts/history/stage_1__cw0p05__ta0p9__sig0p15__spg8__pop48__dec0p9__th1__seed404.csv,stage_1,validation,404,0.05,0.9,0.15,8,48,0.9,1.0,250,174,0.054116286097314684,0.06781157215463977,0.07074185837148259,0.0702213648035288,0.01040987135907484,0.6994826575600805,0.6518703241895262,0.6748377261993431,0.7330716888809603,0.6831730198313739,0.7072433123519789,0.7486429317770585,0.6976843605272532,0.7222659323362434,84210.0,78478,0.9319320745754661,0.2800867641465109,0.23008676414651102,0.9999999999999973
stage_1__cw0p05__ta0p9__sig0p15__spg16__pop17__dec0p9__th1,stage_1__cw0p05__ta0p9__sig0p15__spg16__pop17__dec0p9__th1__seed202,GridSearchOuts/history/stage_1__cw0p05__ta0p9__sig0p15__spg16__pop17__dec0p9__th1__seed202.csv,stage_1,validation,202,0.05,0.9,0.15,16,17,0.9,1.0,250,213,0.03125632613830404,0.03913002148148066,0.041131792641945865,0.04064174002626673,0.009801052313583022,0.7915895198721689,0.7412421327633297,0.7655889712009919,0.8255763816673853,0.773067331670823,0.7984595005636961,0.8418850026631496,0.788338677116732,0.8142324486086355,84210.0,78854,0.9363971024818906,0.2800867641465109,0.23008676414651102,0.9999999999999973
stage_1__cw0p05__ta0p9__sig0p15__spg16__pop17__dec0p9__th1,stage_1__cw0p05__ta0p9__sig0p15__spg16__pop17__dec0p9__th1__seed505,GridSearchOuts/history/stage_1__cw0p05__ta0p9__sig0p15__spg16__pop17__dec0p9__th1__seed505.csv,stage_1,validation,505,0.05,0.9,0.15,16,17,0.9,1.0,250,123,0.050714921563214097,0.07284468220891839,0.07420347181052839,0.07378439706105565,0.008381494989455585,0.7036108707822281,0.6567034793967462,0.6793484269616518,0.7384981423991043,0.6892649329058307,0.7130326892124289,0.7524810422922286,0.7023156394727467,0.7265334201437212,84210.0,78596,0.9333333333333333,0.2800867641465109,0.23008676414651102,0.9999999999999973
stage_1__cw0p05__ta0p9__sig0p15__spg16__pop17__dec0p9__th1,stage_1__cw0p05__ta0p9__sig0p15__spg16__pop17__dec0p9__th1__seed303,GridSearchOuts/history/stage_1__cw0p05__ta0p9__sig0p15__spg16__pop17__dec0p9__th1__seed303.csv,stage_1,validation,303,0.05,0.9,0.15,16,17,0.9,1.0,250,179,0.04533326755284483,0.05028998241586378,0.054146989183146914,0.05324303485012404,0.0180790866604571,0.710094320173178,0.6544234651466572,0.6811232372166212,0.763220286568395,0.7033843961524759,0.7320817214396372,0.7876507576538501,0.7258995368721054,0.755515455634844,84210.0,77608,0.92160076000475,0.2800867641465109,0.23008676414651102,0.9999999999999973
stage_1__cw0p05__ta0p9__sig0p15__spg16__pop17__dec0p9__th1,stage_1__cw0p05__ta0p9__sig0p15__spg16__pop17__dec0p9__th1__seed404,GridSearchOuts/history/stage_1__cw0p05__ta0p9__sig0p15__spg16__pop17__dec0p9__th1__seed404.csv,stage_1,validation,404,0.05,0.9,0.15,16,17,0.9,1.0,250,177,0.04263577013858769,0.052002098865784996,0.05452397181059804,0.05402861671212423,0.009907101969475552,0.7301441430100082,0.6887424296401853,0.7088392557054493,0.7709699754516272,0.7272532953330958,0.7484738305473325,0.7897022722981054,0.744923405771286,0.7666595374128036,84210.0,79435,0.9432965206032538,0.2800867641465109,0.23008676414651102,0.9999999999999973
stage_1__cw0p05__ta0p9__sig0p15__spg16__pop32__dec0p9__th1,stage_1__cw0p05__ta0p9__sig0p15__spg16__pop32__dec0p9__th1__seed101,GridSearchOuts/history/stage_1__cw0p05__ta0p9__sig0p15__spg16__pop32__dec0p9__th1__seed101.csv,stage_1,validation,101,0.05,0.9,0.15,16,32,0.9,1.0,250,91,0.0549383506392395,0.07126670766322056,0.0711456883133501,0.07011964701520781,0.02052082596284586,0.6789611640098427,0.6028975181094882,0.6386725875229314,0.7229324917085695,0.6419427621422634,0.6800347200377441,0.7442762383652509,0.6608953805961287,0.7001119595431093,84210.0,74776,0.8879705498159364,0.2800867641465109,0.23008676414651102,0.9999999999999973
stage_1__cw0p05__ta0p9__sig0p15__spg16__pop32__dec0p9__th1,stage_1__cw0p05__ta0p9__sig0p15__spg16__pop32__dec0p9__th1__seed404,GridSearchOuts/history/stage_1__cw0p05__ta0p9__sig0p15__spg16__pop32__dec0p9__th1__seed404.csv,stage_1,validation,404,0.05,0.9,0.15,16,32,0.9,1.0,250,114,0.057349213719999056,0.06679178454636367,0.06877427954745001,0.0673444777582933,0.028596035783134494,0.6701336713227319,0.6090250564066025,0.6381197081013544,0.7223870065725,0.6565134782092388,0.6878767707051704,0.7449660921717997,0.6770336064600404,0.7093771968565569,84210.0,76531,0.9088113050706567,0.2800867641465109,0.23008676414651102,0.9999999999999973
stage_1__cw0p05__ta0p9__sig0p15__spg16__pop32__dec0p9__th1,stage_1__cw0p05__ta0p9__sig0p15__spg16__pop32__dec0p9__th1__seed303,GridSearchOuts/history/stage_1__cw0p05__ta0p9__sig0p15__spg16__pop32__dec0p9__th1__seed303.csv,stage_1,validation,303,0.05,0.9,0.15,16,32,0.9,1.0,250,127,0.04486709078773106,0.06822527229999995,0.06696471342295027,0.0662816636247223,0.013660995964560045,0.7178150528552387,0.6458971618572616,0.6799597457224845,0.757842503266335,0.6819142619641373,0.7178762743536514,0.7768598313383395,0.6990262439140245,0.7358906883851423,84210.0,75773,0.8998099988124926,0.2800867641465109,0.23008676414651102,0.9999999999999973
stage_1__cw0p05__ta0p9__sig0p15__spg16__pop48__dec0p9__th1,stage_1__cw0p05__ta0p9__sig0p15__spg16__pop48__dec0p9__th1__seed101,GridSearchOuts/history/stage_1__cw0p05__ta0p9__sig0p15__spg16__pop48__dec0p9__th1__seed101.csv,stage_1,validation,101,0.05,0.9,0.15,16,48,0.9,1.0,250,73,0.07048311965890662,0.09923150774809615,0.10208270195026568,0.09802770447817138,0.08109994944188566,0.712912200984508,0.5142263389146182,0.5974846672318881,0.7540211718608518,0.5438783992399953,0.6319376892876173,0.7708302464562651,0.5560028500178126,0.6460252085182537,84210.0,60741,0.7213038831492696,0.2800867641465109,0.23008676414651102,0.9999999999999973
stage_1__cw0p05__ta0p9__sig0p15__spg16__pop32__dec0p9__th1,stage_1__cw0p05__ta0p9__sig0p15__spg16__pop32__dec0p9__th1__seed505,GridSearchOuts/history/stage_1__cw0p05__ta0p9__sig0p15__spg16__pop32__dec0p9__th1__seed505.csv,stage_1,validation,505,0.05,0.9,0.15,16,32,0.9,1.0,250,123,0.05563238240593818,0.06691308909717017,0.0714236263109227,0.06953392844506932,0.03779395731706734,0.7083463983352812,0.5901793136207101,0.6438861969782309,0.7526438813032695,0.6270870442940268,0.6841525665271126,0.7742367663407542,0.6450777817361358,0.7037804783245889,84210.0,70162,0.8331789573684836,0.2800867641465109,0.23008676414651102,0.9999999999999973
stage_1__cw0p05__ta0p9__sig0p15__spg16__pop48__dec0p9__th1,stage_1__cw0p05__ta0p9__sig0p15__spg16__pop48__dec0p9__th1__seed404,GridSearchOuts/history/stage_1__cw0p05__ta0p9__sig0p15__spg16__pop48__dec0p9__th1__seed404.csv,stage_1,validation,404,0.05,0.9,0.15,16,48,0.9,1.0,250,103,0.053148668171358916,0.06974902126872878,0.06952116273941472,0.06926544225677253,0.005114409652843193,0.6131464706029962,0.5803230020187626,0.5962833715647304,0.6601089056736343,0.6247714048212801,0.6419542193367057,0.684750696343881,0.6480940505878162,0.6659182976226152,84210.0,79702,0.9464671654197839,0.2800867641465109,0.23008676414651102,0.9999999999999973
stage_1__cw0p05__ta0p9__sig0p15__spg16__pop32__dec0p9__th1,stage_1__cw0p05__ta0p9__sig0p15__spg16__pop32__dec0p9__th1__seed202,GridSearchOuts/history/stage_1__cw0p05__ta0p9__sig0p15__spg16__pop32__dec0p9__th1__seed202.csv,stage_1,validation,202,0.05,0.9,0.15,16,32,0.9,1.0,250,250,0.04199463482831493,0.054579231582120184,0.05671257785888744,0.056495570222801515,0.004340152721718277,0.6730097329673073,0.6404821280133001,0.6563431700633884,0.7259670576491141,0.6908799429996437,0.7079890477634188,0.7498502620414275,0.7136088350552191,0.7312808031634795,84210.0,80140,0.9516684479277996,0.2800867641465109,0.23008676414651102,0.9999999999999973
stage_1__cw0p05__ta0p9__sig0p15__spg16__pop48__dec0p9__th1,stage_1__cw0p05__ta0p9__sig0p15__spg16__pop48__dec0p9__th1__seed303,GridSearchOuts/history/stage_1__cw0p05__ta0p9__sig0p15__spg16__pop48__dec0p9__th1__seed303.csv,stage_1,validation,303,0.05,0.9,0.15,16,48,0.9,1.0,250,127,0.06128487531213178,0.07119705362402062,0.07482457043433043,0.07348277326689784,0.02683594334865236,0.6794297913366848,0.5857974112338202,0.6291489972255333,0.725583637490531,0.6255907849424059,0.6718872556829514,0.7484608498037325,0.6453152832205201,0.6930714536231994,84210.0,72605,0.8621897636860231,0.2800867641465109,0.23008676414651102,0.9999999999999973
stage_1__cw0p05__ta0p9__sig0p15__spg24__pop17__dec0p9__th1,stage_1__cw0p05__ta0p9__sig0p15__spg24__pop17__dec0p9__th1__seed303,GridSearchOuts/history/stage_1__cw0p05__ta0p9__sig0p15__spg24__pop17__dec0p9__th1__seed303.csv,stage_1,validation,303,0.05,0.9,0.15,24,17,0.9,1.0,250,149,0.04690926334721599,0.051902836820104416,0.054691449985224135,0.05293135382860022,0.03520192313247779,0.7458180334557324,0.6295214345089657,0.682752802838082,0.8032892978235484,0.6780311126944544,0.7353643851137098,0.8259964265113465,0.6971974824842655,0.7561514337778136,84210.0,71079,0.8440684004275026,0.2800867641465109,0.23008676414651102,0.9999999999999973
stage_1__cw0p05__ta0p9__sig0p15__spg24__pop17__dec0p9__th1,stage_1__cw0p05__ta0p9__sig0p15__spg24__pop17__dec0p9__th1__seed101,GridSearchOuts/history/stage_1__cw0p05__ta0p9__sig0p15__spg24__pop17__dec0p9__th1__seed101.csv,stage_1,validation,101,0.05,0.9,0.15,24,17,0.9,1.0,250,181,0.06261839994910971,0.07249816371688553,0.07573123183439458,0.07311468901709642,0.05233085634596289,0.7231667551376355,0.5662272889205557,0.6351460255081823,0.760400394327747,0.5953805961287258,0.6678477471772355,0.7774626526124213,0.6087400546253414,0.6828332611803658,84210.0,65935,0.7829830186438665,0.2800867641465109,0.23008676414651102,0.9999999999999973
stage_1__cw0p05__ta0p9__sig0p15__spg24__pop17__dec0p9__th1,stage_1__cw0p05__ta0p9__sig0p15__spg24__pop17__dec0p9__th1__seed202,GridSearchOuts/history/stage_1__cw0p05__ta0p9__sig0p15__spg24__pop17__dec0p9__th1__seed202.csv,stage_1,validation,202,0.05,0.9,0.15,24,17,0.9,1.0,250,170,0.0694603105667841,0.07311242058406237,0.07833208654513811,0.07341855651988519,0.09827060050505862,0.6832479997494794,0.5181926137038356,0.5893825509696128,0.7378928084926488,0.559636622728892,0.6365201888201905,0.7640878701050621,0.5795036218976368,0.6591165407181895,84210.0,63867,0.7584253651585322,0.2800867641465109,0.23008676414651102,0.9999999999999973
stage_1__cw0p05__ta0p9__sig0p15__spg16__pop48__dec0p9__th1,stage_1__cw0p05__ta0p9__sig0p15__spg16__pop48__dec0p9__th1__seed505,GridSearchOuts/history/stage_1__cw0p05__ta0p9__sig0p15__spg16__pop48__dec0p9__th1__seed505.csv,stage_1,validation,505,0.05,0.9,0.15,16,48,0.9,1.0,250,117,0.06174098995224822,0.07166895393906252,0.07732557343615022,0.07572275366062743,0.03205639551045578,0.6615091946734306,0.5574634841467759,0.6050459159009052,0.7085323751144931,0.5970906068162926,0.6480554212980375,0.7300500246600437,0.6152238451490322,0.6677364266146156,84210.0,70965,0.8427146419665122,0.2800867641465109,0.23008676414651102,0.9999999999999973
stage_1__cw0p05__ta0p9__sig0p15__spg16__pop48__dec0p9__th1,stage_1__cw0p05__ta0p9__sig0p15__spg16__pop48__dec0p9__th1__seed202,GridSearchOuts/history/stage_1__cw0p05__ta0p9__sig0p15__spg16__pop48__dec0p9__th1__seed202.csv,stage_1,validation,202,0.05,0.9,0.15,16,48,0.9,1.0,250,213,0.042489916704278145,0.05267999227954238,0.05385217563670409,0.053335650885485315,0.010330495024375322,0.7008421638299487,0.6581641135257096,0.6788330108022342,0.7576818998002074,0.7115425721410759,0.7338877593508466,0.7823398497761817,0.734698966868543,0.7577713543830588,84210.0,79082,0.9391046194038712,0.2800867641465109,0.23008676414651102,0.9999999999999973
stage_1__cw0p05__ta0p9__sig0p15__spg24__pop17__dec0p9__th1,stage_1__cw0p05__ta0p9__sig0p15__spg24__pop17__dec0p9__th1__seed404,GridSearchOuts/history/stage_1__cw0p05__ta0p9__sig0p15__spg24__pop17__dec0p9__th1__seed404.csv,stage_1,validation,404,0.05,0.9,0.15,24,17,0.9,1.0,250,174,0.06829525895588888,0.07830811379456677,0.08348626011576743,0.08055467864758997,0.05863162936354937,0.7008525162008149,0.5535328345802161,0.6185417896876019,0.7398697920582177,0.5843486521790762,0.6529767315330229,0.757701965147574,0.5984324902030638,0.6687146278831844,84210.0,66509,0.7897993112456952,0.2800867641465109,0.23008676414651102,0.9999999999999973
stage_1__cw0p05__ta0p9__sig0p15__spg24__pop17__dec0p9__th1,stage_1__cw0p05__ta0p9__sig0p15__spg24__pop17__dec0p9__th1__seed505,GridSearchOuts/history/stage_1__cw0p05__ta0p9__sig0p15__spg24__pop17__dec0p9__th1__seed505.csv,stage_1,validation,505,0.05,0.9,0.15,24,17,0.9,1.0,250,164,0.05252912482538582,0.06022697500997329,0.06532503674550892,0.0632909413521679,0.040681907866821604,0.7303939695633622,0.6098325614535091,0.6646906549309044,0.7709002986772863,0.6436527728298301,0.7015531969966564,0.7907694495804295,0.660242251514072,0.7196349987051732,84210.0,70310,0.8349364683529272,0.2800867641465109,0.23008676414651102,0.9999999999999973
stage_1__cw0p05__ta0p9__sig0p15__spg24__pop32__dec0p9__th1,stage_1__cw0p05__ta0p9__sig0p15__spg24__pop32__dec0p9__th1__seed303,GridSearchOuts/history/stage_1__cw0p05__ta0p9__sig0p15__spg24__pop32__dec0p9__th1__seed303.csv,stage_1,validation,303,0.05,0.9,0.15,24,32,0.9,1.0,250,94,0.056631044720966466,0.0701149324697172,0.06977011135401047,0.06870600789882544,0.02128206910369956,0.6716470191983833,0.592008075050469,0.6293180168518389,0.7188683058268778,0.6336302101888137,0.6735632909390039,0.7411653755473223,0.6532834580216126,0.694455139331089,84210.0,74225,0.8814273839211495,0.2800867641465109,0.23008676414651102,0.9999999999999973
stage_1__cw0p05__ta0p9__sig0p15__spg24__pop32__dec0p9__th1,stage_1__cw0p05__ta0p9__sig0p15__spg24__pop32__dec0p9__th1__seed404,GridSearchOuts/history/stage_1__cw0p05__ta0p9__sig0p15__spg24__pop32__dec0p9__th1__seed404.csv,stage_1,validation,404,0.05,0.9,0.15,24,32,0.9,1.0,250,117,0.05652404591283502,0.06816872643126565,0.07050090748888035,0.07036841901212866,0.002649769535034151,0.5893153223446796,0.57401733760836,0.5815657446726715,0.6348629669365063,0.618382614891343,0.6265144314635808,0.6594045645177021,0.6422871392946206,0.6507333036557917,84210.0,82024,0.9740410877567984,0.2800867641465109,0.23008676414651102,0.9999999999999973
stage_1__cw0p05__ta0p9__sig0p15__spg24__pop32__dec0p9__th1,stage_1__cw0p05__ta0p9__sig0p15__spg24__pop32__dec0p9__th1__seed101,GridSearchOuts/history/stage_1__cw0p05__ta0p9__sig0p15__spg24__pop32__dec0p9__th1__seed101.csv,stage_1,validation,101,0.05,0.9,0.15,24,32,0.9,1.0,250,162,0.061363243375947396,0.06893741500061942,0.07265115386481784,0.06771646219061092,0.09869383348413868,0.7784784210957334,0.5644222776392352,0.6543902522970378,0.8214233068544755,0.595558722242014,0.690489794512988,0.8408156580132667,0.6096188101175632,0.7067910370696947,84210.0,61055,0.7250326564541029,0.2800867641465109,0.23008676414651102,0.9999999999999973
stage_1__cw0p05__ta0p9__sig0p15__spg24__pop32__dec0p9__th1,stage_1__cw0p05__ta0p9__sig0p15__spg24__pop32__dec0p9__th1__seed202,GridSearchOuts/history/stage_1__cw0p05__ta0p9__sig0p15__spg24__pop32__dec0p9__th1__seed202.csv,stage_1,validation,202,0.05,0.9,0.15,24,32,0.9,1.0,250,164,0.047844371616746484,0.054490579104696714,0.054332532630601664,0.05322410802469214,0.022168492118189876,0.6976799367255471,0.6285001781261133,0.661285687511215,0.7525046137621935,0.6778886118038238,0.7132504529263457,0.7746638544687582,0.6978506115663223,0.7342537639777608,84210.0,75860,0.9008431302695642,0.2800867641465109,0.23008676414651102,0.9999999999999973
stage_1__cw0p05__ta0p9__sig0p15__spg24__pop32__dec0p9__th1,stage_1__cw0p05__ta0p9__sig0p15__spg24__pop32__dec0p9__th1__seed505,GridSearchOuts/history/stage_1__cw0p05__ta0p9__sig0p15__spg24__pop32__dec0p9__th1__seed505.csv,stage_1,validation,505,0.05,0.9,0.15,24,32,0.9,1.0,250,177,0.04328834983663743,0.051308941642625366,0.053028651095391004,0.051589852127645885,0.028775979354902042,0.7877677209966006,0.6687091794323714,0.7233722774943167,0.821901710896297,0.6976843605272532,0.7547160116377915,0.838507057622092,0.7117800736254601,0.769963967551031,84210.0,71483,0.848865930412065,0.2800867641465109,0.23008676414651102,0.9999999999999973
stage_1__cw0p05__ta0p9__sig0p15__spg24__pop48__dec0p9__th1,stage_1__cw0p05__ta0p9__sig0p15__spg24__pop48__dec0p9__th1__seed202,GridSearchOuts/history/stage_1__cw0p05__ta0p9__sig0p15__spg24__pop48__dec0p9__th1__seed202.csv,stage_1,validation,202,0.05,0.9,0.15,24,48,0.9,1.0,250,130,0.05987987434073172,0.06388899698863049,0.06713237082495453,0.06562078321018935,0.03023175229530271,0.637579228288669,0.5447096544353403,0.5874969581305788,0.6869509618592239,0.5868899180619879,0.6329905093684594,0.7148198598910264,0.6106994418715117,0.6586702870238509,84210.0,71944,0.8543403396271226,0.2800867641465109,0.23008676414651102,0.9999999999999973
stage_1__cw0p05__ta0p9__sig0p15__spg24__pop48__dec0p9__th1,stage_1__cw0p05__ta0p9__sig0p15__spg24__pop48__dec0p9__th1__seed101,GridSearchOuts/history/stage_1__cw0p05__ta0p9__sig0p15__spg24__pop48__dec0p9__th1__seed101.csv,stage_1,validation,101,0.05,0.9,0.15,24,48,0.9,1.0,250,140,0.05887762552493155,0.06313834355886039,0.066148904285592,0.0660042808477327,0.002892468757186638,0.6286346006571308,0.6043581522384515,0.6162573864181768,0.6709651918278614,0.6450540315876975,0.6577545287217709,0.6910867363324192,0.6643985274907969,0.6774798992535931,84210.0,80958,0.9613822586391165,0.2800867641465109,0.23008676414651102,0.9999999999999973
stage_1__cw0p05__ta0p9__sig0p15__spg24__pop48__dec0p9__th1,stage_1__cw0p05__ta0p9__sig0p15__spg24__pop48__dec0p9__th1__seed404,GridSearchOuts/history/stage_1__cw0p05__ta0p9__sig0p15__spg24__pop48__dec0p9__th1__seed404.csv,stage_1,validation,404,0.05,0.9,0.15,24,48,0.9,1.0,250,114,0.061176992429417265,0.0752091058752545,0.07757684271917613,0.07396865725971674,0.07216370918918769,0.6944592018500578,0.5277757985987412,0.5997517003125827,0.7461951935998,0.5670941693385584,0.644432149411147,0.7706647082721335,0.5856905355658473,0.665564611896303,84210.0,63998,0.7599809998812492,0.2800867641465109,0.23008676414651102,0.9999999999999973
stage_1__cw0p05__ta0p9__sig0p15__spg24__pop48__dec0p9__th1,stage_1__cw0p05__ta0p9__sig0p15__spg24__pop48__dec0p9__th1__seed303,GridSearchOuts/history/stage_1__cw0p05__ta0p9__sig0p15__spg24__pop48__dec0p9__th1__seed303.csv,stage_1,validation,303,0.05,0.9,0.15,24,48,0.9,1.0,250,156,0.05153664126060482,0.05807178807108262,0.0607160832500249,0.0598918320737112,0.01648502352627473,0.6654510556621881,0.6175632347702174,0.6406134515885621,0.7201663467690339,0.6683410521315758,0.6932865237738293,0.7421497120921305,0.6887424296401853,0.7144493717659456,84210.0,78150,0.9280370502315639,0.2800867641465109,0.23008676414651102,0.9999999999999973
stage_1__cw0p05__ta0p9__sig0p15__spg24__pop48__dec0p9__th1,stage_1__cw0p05__ta0p9__sig0p15__spg24__pop48__dec0p9__th1__seed505,GridSearchOuts/history/stage_1__cw0p05__ta0p9__sig0p15__spg24__pop48__dec0p9__th1__seed505.csv,stage_1,validation,505,0.05,0.9,0.15,24,48,0.9,1.0,250,241,0.0641750219781158,0.06827709232347091,0.07237477011807587,0.06985031852468963,0.05048903186772633,0.6912736546943031,0.5825792661204132,0.6322891628372588,0.7326438304048246,0.6174444840280252,0.6701293345099721,0.7535966407868224,0.6351027193919963,0.6892942988414861,84210.0,70969,0.8427621422633892,0.2800867641465109,0.23008676414651102,0.9999999999999973
